(LF) FUND OF FUNDS+AF8-20250714,Balanced Blend US
(LF) FUND OF FUNDS+AF8-20250714,Equity Blend
(LF) FUND OF FUNDS+AF8-20250714,Global Emerging Markets
(LF) FUND OF FUNDS+AF8-20250714,Global High
(LF) FUND OF FUNDS+AF8-20250714,Global Low
(LF) FUND OF FUNDS+AF8-20250714,Global Megatrends
(LF) FUND OF FUNDS+AF8-20250714,Global Protect 80
(LF) FUND OF FUNDS+AF8-20250714,Global Medium
(LF) FUND OF FUNDS+AF8-20250714,Life Cycle 2032
(LF) FUND OF FUNDS+AF8-20250714,Life Cycle 2037
(LF) FUND OF FUNDS+AF8-20250714,Life Cycle 2042
(LF) FUND OF FUNDS+AF8-20250714,Life Cycle 2047
(LF) FUND OF FUNDS+AF8-20250714,Life Cycle 2052
(LF) FUND OF FUNDS+AF8-20250714,Next Gen Focus
(LF)+AF8-20250722,Equity Global Equities Fund
(LF)+AF8-20250722,Equity Greek Equities Fund
(LF)+AF8-20250722,Flexi Allocation Greece Fund
(LF)+AF8-20250722,Global Bond Fund
(LF)+AF8-20250722,Greek Corporate Bond Fund
(LF)+AF8-20250722,Greek Government Bond Fund
(LF)+AF8-20250722,High Yield A List Fund
(LF)+AF8-20250722,Income Plus Dollar Fund
(LF)+AF8-20250722,Income Plus EUR Fund
(LF)+AF8-20250722,Reserve Fund
(LF)+AF8-20250722,Special Purpose Best Performers VI Fund
(LF)+AF8-20250722,Special Purpose Equity Formula Index I Fund
(LF)+AF8-20250722,Special Purpose Equity Formula Index II Fund
(LF)+AF8-20250722,Special Purpose Equity Formula Index III Fund
(LF)+AF8-20250722,Special Purpose Profit Leaders Fund
(LF)+AF8-20250722,Special Purpose Profit Leaders II Fund
(LF)+AF8-20250722,Target Maturity Bond Fund
(LF)+AF8-20250722,Target Maturity +//3//f/9//0- Bond Fund
(LF)+AF8-20250722,Target Maturity +//3//f/9//0-I Bond Fund
(LF)+AF8-20250722,Target Maturity IV Bond Fund
(LF)+AF8-20250722,Target Maturity V Bond Fund
(LF)+AF8-20250722,Target Maturity VI Bond Fund
(LF)+AF8-20250722,Target Maturity VII Bond Fund
20UGS (UCITS) FUNDS+AF8-20190507,Triton (LF) Greek Equity
ALLIANZ GLOBAL INVESTORS FUND+AF8-20240701,Allianz China A Opportunities
ALLIANZ GLOBAL INVESTORS FUND+AF8-20240701,Allianz China A+AC0-Shares
ALLIANZ GLOBAL INVESTORS FUND+AF8-20240701,Allianz Cyber Security
ALLIANZ GLOBAL INVESTORS FUND+AF8-20240701,Allianz Enhanced Short Term Euro
ALLIANZ GLOBAL INVESTORS FUND+AF8-20240701,Allianz Euro Bond
ALLIANZ GLOBAL INVESTORS FUND+AF8-20240701,Allianz Euroland Equity Growth
ALLIANZ GLOBAL INVESTORS FUND+AF8-20240701,Allianz Europe Equity Growth
ALLIANZ GLOBAL INVESTORS FUND+AF8-20240701,Allianz Europe Equity SRI
ALLIANZ GLOBAL INVESTORS FUND+AF8-20240701,Allianz European Equity Dividend
ALLIANZ GLOBAL INVESTORS FUND+AF8-20240701,Allianz Food Security
ALLIANZ GLOBAL INVESTORS FUND+AF8-20240701,Allianz GEM Equity High Dividend
ALLIANZ GLOBAL INVESTORS FUND+AF8-20240701,Allianz Global Artificial Intelligence
ALLIANZ GLOBAL INVESTORS FUND+AF8-20240701,Allianz Global Equity Unconstrained
ALLIANZ GLOBAL INVESTORS FUND+AF8-20240701,Allianz Global Floating Rate Notes Plus
ALLIANZ GLOBAL INVESTORS FUND+AF8-20240701,Allianz Global Opportunistic Bond
ALLIANZ GLOBAL INVESTORS FUND+AF8-20240701,Allianz Global Sustainability
ALLIANZ GLOBAL INVESTORS FUND+AF8-20240701,Allianz Global Water
ALLIANZ GLOBAL INVESTORS FUND+AF8-20240701,Allianz Income and Growth
ALLIANZ GLOBAL INVESTORS FUND+AF8-20240701,Allianz Thematica
ALLIANZ GLOBAL INVESTORS FUND+AF8-20240701,Allianz Total Return Asian Equity
ALLIANZ GLOBAL INVESTORS FUND+AF8-20240701,Allianz US Equity Fund
ALLIANZ GLOBAL INVESTORS FUND+AF8-20240701,Allianz US Short Duration High Income Bond
ALPHA (LUX) GLOBAL FUNDS+AF8-20250514,Alpha (LUX) Global Defensive FOF
ALPHA (LUX) GLOBAL FUNDS+AF8-20250514,Alpha (LUX) Global Themes FOF
ALPHA (LUX) GLOBAL FUNDS+AF8-20250514,Alpha (LUX) Target Maturity I 2030 Bond Fund
ALPHA (LUX) GLOBAL FUNDS+AF8-20250514,Alpha (LUX) Target Maturity II 2030 Bond Fund
AMUNDI FUND SOLUTIONS+AF8-20240513,Buy And Watch Income 11/2028
AMUNDI FUNDS+AF8-20250430,Absolute Return Global Opportunities Bond
AMUNDI FUNDS+AF8-20250430,Absolute Return Multi+AC0-Strategy
AMUNDI FUNDS+AF8-20250430,Asia Equity Focus
AMUNDI FUNDS+AF8-20250430,Cash EUR
AMUNDI FUNDS+AF8-20250430,Cash USD
AMUNDI FUNDS+AF8-20250430,China Equity
AMUNDI FUNDS+AF8-20250430,Emerging Europe Middle East and Africa
AMUNDI FUNDS+AF8-20250430,Emerging Markets Blended Bond
AMUNDI FUNDS+AF8-20250430,Emerging Markets Bond
AMUNDI FUNDS+AF8-20250430,Emerging Markets Corporate Bond
AMUNDI FUNDS+AF8-20250430,Emerging Markets Corporate High Yield Bond
AMUNDI FUNDS+AF8-20250430,Emerging Markets Equity Focus
AMUNDI FUNDS+AF8-20250430,Emerging Markets Hard Currency Bond
AMUNDI FUNDS+AF8-20250430,Emerging Markets Local Currency Bond
AMUNDI FUNDS+AF8-20250430,Emerging Markets Short Term Bond
AMUNDI FUNDS+AF8-20250430,Emerging World Equity
AMUNDI FUNDS+AF8-20250430,Equity Japan Target
AMUNDI FUNDS+AF8-20250430,Equity MENA
AMUNDI FUNDS+AF8-20250430,Euro Aggregate Bond
AMUNDI FUNDS+AF8-20250430,Euro Corporate Bond Select
AMUNDI FUNDS+AF8-20250430,Euro Government Bond Responsible
AMUNDI FUNDS+AF8-20250430,Euro High Yield Bond
AMUNDI FUNDS+AF8-20250430,Euro High Yield Short Term Bond
AMUNDI FUNDS+AF8-20250430,Euro Inflation Bond
AMUNDI FUNDS+AF8-20250430,Euroland Equity
AMUNDI FUNDS+AF8-20250430,Euroland Equity Small Cap Select
AMUNDI FUNDS+AF8-20250430,Europe Equity Climate
AMUNDI FUNDS+AF8-20250430,Europe Equity Income Select
AMUNDI FUNDS+AF8-20250430,Europe Equity Select
AMUNDI FUNDS+AF8-20250430,European Convertible Bond
AMUNDI FUNDS+AF8-20250430,European Equity Conservative
AMUNDI FUNDS+AF8-20250430,European Equity Small Cap
AMUNDI FUNDS+AF8-20250430,European Equity Value
AMUNDI FUNDS+AF8-20250430,Global Aggregate Bond
AMUNDI FUNDS+AF8-20250430,Global Bond Flexible
AMUNDI FUNDS+AF8-20250430,Global Corporate Bond
AMUNDI FUNDS+AF8-20250430,Global Equity
AMUNDI FUNDS+AF8-20250430,Global Equity Conservative
AMUNDI FUNDS+AF8-20250430,Global Equity Income Select
AMUNDI FUNDS+AF8-20250430,Global Equity Responsible
AMUNDI FUNDS+AF8-20250430,Global Equity Select
AMUNDI FUNDS+AF8-20250430,Global Government Bond
AMUNDI FUNDS+AF8-20250430,Global High Yield Bond
AMUNDI FUNDS+AF8-20250430,Global Inflation Short Duration Bond
AMUNDI FUNDS+AF8-20250430,Global Multi+AC0-Asset Target Income
AMUNDI FUNDS+AF8-20250430,Impact Euro Corporate Short Term Green Bond
AMUNDI FUNDS+AF8-20250430,Income Opportunities
AMUNDI FUNDS+AF8-20250430,Japan Equity Select
AMUNDI FUNDS+AF8-20250430,Japan Equity Value
AMUNDI FUNDS+AF8-20250430,Latin America Equity
AMUNDI FUNDS+AF8-20250430,Montpensier Global Convertible Bond
AMUNDI FUNDS+AF8-20250430,Multi+AC0-Asset Climate
AMUNDI FUNDS+AF8-20250430,Multi+AC0-Asset Real Return
AMUNDI FUNDS+AF8-20250430,Optimal Yield
AMUNDI FUNDS+AF8-20250430,Pioneer Global High Yield Bond
AMUNDI FUNDS+AF8-20250430,Protect 90
AMUNDI FUNDS+AF8-20250430,SBI FM India Equity
AMUNDI FUNDS+AF8-20250430,Strategic Bond
AMUNDI FUNDS+AF8-20250430,Strategic Income
AMUNDI FUNDS+AF8-20250430,US Bond
AMUNDI FUNDS+AF8-20250430,US Corporate Bond Select
AMUNDI FUNDS+AF8-20250430,US Equity Fundamental Growth
AMUNDI FUNDS+AF8-20250430,US Equity Research
AMUNDI FUNDS+AF8-20250430,US Equity Research Value
AMUNDI FUNDS+AF8-20250430,US Equity Select
AMUNDI FUNDS+AF8-20250430,US High Yield Bond
AMUNDI FUNDS+AF8-20250430,US Pioneer Fund
AMUNDI FUNDS+AF8-20250430,US Short Term Bond
AMUNDI FUNDS+AF8-20250430,Volatility Euro
AMUNDI FUNDS+AF8-20250430,Volatility World
AMUNDI INDEX SOLUTIONS+AF8-20240419,Amundi Index Euro Corporate SRI
AMUNDI INDEX SOLUTIONS+AF8-20240419,Amundi Index Ftse Epra Nareit Global
AMUNDI INDEX SOLUTIONS+AF8-20240419,Amundi Index J.P. Morgan GBI Global Govies
AMUNDI INDEX SOLUTIONS+AF8-20240419,Amundi Index MSCI Emerging Markets
AMUNDI INDEX SOLUTIONS+AF8-20240419,Amundi Index MSCI Europe
AMUNDI INDEX SOLUTIONS+AF8-20240419,Amundi Index MSCI Japan
AMUNDI INDEX SOLUTIONS+AF8-20240419,Amundi Index MSCI North America ESG Broad CTB
AMUNDI INDEX SOLUTIONS+AF8-20240419,Amundi Index MSCI Pacific ex Japan SRI PAB
AMUNDI INDEX SOLUTIONS+AF8-20240419,Amundi Index MSCI World
AMUNDI INDEX SOLUTIONS+AF8-20240419,Amundi MSCI EMU ESG Leaders Select
AMUNDI INDEX SOLUTIONS+AF8-20240419,Amundi S+ACY-P 500 ESG
AMUNDI INVESTMENT FUNDS+AF8-20200416,Tactical Allocation Fund
AMUNDI S.F.+AF8-20250407,EUR Commodities
AMUNDI S.F.+AF8-20250407,Euro Curve 10+yeY-
AMUNDI S.F.+AF8-20250407,Euro Curve 7+AC0-10year
BARCLAYS PORTFOLIOS SICAV+AF8-20250123,Barclays PB Multi+AC0-Asset Diversified Fund (EUR)
BARCLAYS PORTFOLIOS SICAV+AF8-20250123,Barclays PB Multi+AC0-Asset Diversified Fund (GBP)
BARCLAYS PORTFOLIOS SICAV+AF8-20250123,Barclays PB Multi+AC0-Asset Diversified Fund (USD)
BLACKROCK GLOBAL FUNDS+AF8-20250514,Asian Growth Leaders Fund
BLACKROCK GLOBAL FUNDS+AF8-20250514,Asian High Yield Bond Fund
BLACKROCK GLOBAL FUNDS+AF8-20250514,Asian Tiger Bond Fund
BLACKROCK GLOBAL FUNDS+AF8-20250514,China Bond Fund
BLACKROCK GLOBAL FUNDS+AF8-20250514,China Fund
BLACKROCK GLOBAL FUNDS+AF8-20250514,Circular Economy Fund
BLACKROCK GLOBAL FUNDS+AF8-20250514,Continental European Flexible Fund
BLACKROCK GLOBAL FUNDS+AF8-20250514,Dynamic High Income Fund
BLACKROCK GLOBAL FUNDS+AF8-20250514,Emerging Europe Fund
BLACKROCK GLOBAL FUNDS+AF8-20250514,Emerging Markets Bond Fund
BLACKROCK GLOBAL FUNDS+AF8-20250514,Emerging Markets Corporate Bond Advanced Fund
BLACKROCK GLOBAL FUNDS+AF8-20250514,Emerging Markets Corporate Bond Fund
BLACKROCK GLOBAL FUNDS+AF8-20250514,Emerging Markets Equity Income Fund
BLACKROCK GLOBAL FUNDS+AF8-20250514,Emerging Markets Ex+AC0-China Fund
BLACKROCK GLOBAL FUNDS+AF8-20250514,Emerging Markets Fund
BLACKROCK GLOBAL FUNDS+AF8-20250514,Emerging Markets Local Currency Bond Fund
BLACKROCK GLOBAL FUNDS+AF8-20250514,ESG Emerging Markets Bond Fund
BLACKROCK GLOBAL FUNDS+AF8-20250514,ESG Global Conservative Income Fund
BLACKROCK GLOBAL FUNDS+AF8-20250514,ESG Multi+AC0-Asset Fund
BLACKROCK GLOBAL FUNDS+AF8-20250514,Euro Bond Fund
BLACKROCK GLOBAL FUNDS+AF8-20250514,Euro Corporate Bond Fund
BLACKROCK GLOBAL FUNDS+AF8-20250514,Euro Flexible Income Bond Fund
BLACKROCK GLOBAL FUNDS+AF8-20250514,Euro High Yield Fixed Maturity Bond Fund 2027
BLACKROCK GLOBAL FUNDS+AF8-20250514,Euro High Yield Fixed Maturity Bond Fund 2028
BLACKROCK GLOBAL FUNDS+AF8-20250514,Euro Income Fixed Maturity Bond Fund 2029
BLACKROCK GLOBAL FUNDS+AF8-20250514,Euro Investment Grade Fixed Maturity Bond Fund 2027 (1)
BLACKROCK GLOBAL FUNDS+AF8-20250514,Euro Investment Grade Fixed Maturity Bond Fund 2028
BLACKROCK GLOBAL FUNDS+AF8-20250514,Euro Markets Fund
BLACKROCK GLOBAL FUNDS+AF8-20250514,Euro Reserve Fund
BLACKROCK GLOBAL FUNDS+AF8-20250514,Euro Short Duration Bond Fund
BLACKROCK GLOBAL FUNDS+AF8-20250514,European Equity Income Fund
BLACKROCK GLOBAL FUNDS+AF8-20250514,European Focus Fund
BLACKROCK GLOBAL FUNDS+AF8-20250514,European Fund
BLACKROCK GLOBAL FUNDS+AF8-20250514,European Special Situations Fund
BLACKROCK GLOBAL FUNDS+AF8-20250514,European Value Fund
BLACKROCK GLOBAL FUNDS+AF8-20250514,FinTech Fund
BLACKROCK GLOBAL FUNDS+AF8-20250514,Fixed Income Global Opportunities Fund
BLACKROCK GLOBAL FUNDS+AF8-20250514,Future of Transport Fund
BLACKROCK GLOBAL FUNDS+AF8-20250514,Global Allocation Fund
BLACKROCK GLOBAL FUNDS+AF8-20250514,Global Bond Income Fund
BLACKROCK GLOBAL FUNDS+AF8-20250514,Global Corporate Bond Fund
BLACKROCK GLOBAL FUNDS+AF8-20250514,Global Equity Income Fund
BLACKROCK GLOBAL FUNDS+AF8-20250514,Global Government Bond Fund
BLACKROCK GLOBAL FUNDS+AF8-20250514,Global High Yield Bond Fund
BLACKROCK GLOBAL FUNDS+AF8-20250514,Global Inflation Linked Bond Fund
BLACKROCK GLOBAL FUNDS+AF8-20250514,Global Long+AC0-Horizon Equity Fund
BLACKROCK GLOBAL FUNDS+AF8-20250514,Global Multi+AC0-Asset Income Fund
BLACKROCK GLOBAL FUNDS+AF8-20250514,India Fund
BLACKROCK GLOBAL FUNDS+AF8-20250514,Japan Flexible Equity Fund
BLACKROCK GLOBAL FUNDS+AF8-20250514,Japan Small +ACY- MidCap Opportunities Fund
BLACKROCK GLOBAL FUNDS+AF8-20250514,Latin American Fund
BLACKROCK GLOBAL FUNDS+AF8-20250514,Multi+AC0-Theme Equity Fund
BLACKROCK GLOBAL FUNDS+AF8-20250514,Natural Resources Fund
BLACKROCK GLOBAL FUNDS+AF8-20250514,Next Generation Health Care Fund
BLACKROCK GLOBAL FUNDS+AF8-20250514,Next Generation Technology Fund
BLACKROCK GLOBAL FUNDS+AF8-20250514,Nutrition Fund
BLACKROCK GLOBAL FUNDS+AF8-20250514,Sustainable Energy Fund
BLACKROCK GLOBAL FUNDS+AF8-20250514,Sustainable Global Dynamic Equity Fund
BLACKROCK GLOBAL FUNDS+AF8-20250514,Sustainable Global Infrastructure Fund
BLACKROCK GLOBAL FUNDS+AF8-20250514,Systematic Global Equity High Income Fund
BLACKROCK GLOBAL FUNDS+AF8-20250514,Systematic Global SmallCap Fund
BLACKROCK GLOBAL FUNDS+AF8-20250514,United Kingdom Fund
BLACKROCK GLOBAL FUNDS+AF8-20250514,US Basic Value Fund
BLACKROCK GLOBAL FUNDS+AF8-20250514,US Dollar Bond Fund
BLACKROCK GLOBAL FUNDS+AF8-20250514,US Dollar High Yield Bond Fund
BLACKROCK GLOBAL FUNDS+AF8-20250514,US Dollar Reserve Fund
BLACKROCK GLOBAL FUNDS+AF8-20250514,US Dollar Short Duration Bond Fund
BLACKROCK GLOBAL FUNDS+AF8-20250514,US Flexible Equity Fund
BLACKROCK GLOBAL FUNDS+AF8-20250514,US Government Mortgage Impact Fund
BLACKROCK GLOBAL FUNDS+AF8-20250514,US Growth Fund
BLACKROCK GLOBAL FUNDS+AF8-20250514,US Mid+AC0-Cap Value Fund
BLACKROCK GLOBAL FUNDS+AF8-20250514,World Agriculture Fund
BLACKROCK GLOBAL FUNDS+AF8-20250514,World Bond Fund
BLACKROCK GLOBAL FUNDS+AF8-20250514,World Energy Fund
BLACKROCK GLOBAL FUNDS+AF8-20250514,World Gold Fund
BLACKROCK GLOBAL FUNDS+AF8-20250514,World Healthscience Fund
BLACKROCK GLOBAL FUNDS+AF8-20250514,World Mining Fund
BLACKROCK GLOBAL FUNDS+AF8-20250514,World Technology Fund
BLACKROCK STRATEGIC FUNDS+AF8-20250416,Blackrock Emerging Companies Absolute Return Fund
BLACKROCK STRATEGIC FUNDS+AF8-20250416,Blackrock Emerging Markets Equity Strategies Fund
BLACKROCK STRATEGIC FUNDS+AF8-20250416,BlackRock ESG Euro Bond Fund
BLACKROCK STRATEGIC FUNDS+AF8-20250416,BlackRock ESG Euro Short Duration Bond Fund
BLACKROCK STRATEGIC FUNDS+AF8-20250416,BlackRock ESG Fixed Income Credit Strategies Fund
BLACKROCK STRATEGIC FUNDS+AF8-20250416,BlackRock ESG Fixed Income Strategies Fund
BLACKROCK STRATEGIC FUNDS+AF8-20250416,Blackrock European Absolute Return Fund
BLACKROCK STRATEGIC FUNDS+AF8-20250416,Blackrock European Select Strategies Fund
BLACKROCK STRATEGIC FUNDS+AF8-20250416,Blackrock Global Event Driven Fund
BLACKROCK STRATEGIC FUNDS+AF8-20250416,Blackrock Systematic ESG World Equity Fund
BLACKROCK STRATEGIC FUNDS+AF8-20250416,BlackRock Systematic Global Equity Absolute Return Fund
BLACKROCK STRATEGIC FUNDS+AF8-20250416,BlackRock Systematic US Equity Absolute Return Fund
BLUEBAY FUNDS+AF8-20240704,Bluebay Financial Capital Bond Fund
BLUEBAY FUNDS+AF8-20240704,Bluebay Global Investment Grade Corporate Bond Fund
BLUEBAY FUNDS+AF8-20240704,Bluebay Investment Grade Bond Fund
BNP PARIBAS FLEXI I+AF8-20250114,Commodities
BNP PARIBAS FLEXI I+AF8-20250114,Obliselect Euro 2028
BNP PARIBAS FLEXI I+AF8-20250114,Obliselect Euro 2029
BNP PARIBAS FLEXI I+AF8-20250114,Structured Credit Europe AAA
BNP PARIBAS FLEXI I+AF8-20250114,Structured Credit Europe IG
BNP PARIBAS FLEXI I+AF8-20250114,Structured Credit Income
BNP PARIBAS FLEXI I+AF8-20250114,US Mortgage
BNP PARIBAS FUNDS+AF8-20250704,Asia ex+AC0-Japan Equity
BNP PARIBAS FUNDS+AF8-20250704,Brazil Equity
BNP PARIBAS FUNDS+AF8-20250704,China Equity
BNP PARIBAS FUNDS+AF8-20250704,Clean Energy Solutions
BNP PARIBAS FUNDS+AF8-20250704,Climate Change
BNP PARIBAS FUNDS+AF8-20250704,Consumer Innovators
BNP PARIBAS FUNDS+AF8-20250704,Disruptive Technology
BNP PARIBAS FUNDS+AF8-20250704,Ecosystem Restoration
BNP PARIBAS FUNDS+AF8-20250704,Emerging Bond
BNP PARIBAS FUNDS+AF8-20250704,Emerging Bond Opportunities
BNP PARIBAS FUNDS+AF8-20250704,Emerging Equity
BNP PARIBAS FUNDS+AF8-20250704,Enhanced Bond 6M
BNP PARIBAS FUNDS+AF8-20250704,Environmental Absolute Return Thematic Equity (Earth)
BNP PARIBAS FUNDS+AF8-20250704,Euro Bond
BNP PARIBAS FUNDS+AF8-20250704,Euro Corporate Bond
BNP PARIBAS FUNDS+AF8-20250704,Euro Equity
BNP PARIBAS FUNDS+AF8-20250704,Euro Flexible Bond
BNP PARIBAS FUNDS+AF8-20250704,Euro Government Bond
BNP PARIBAS FUNDS+AF8-20250704,Euro High Conviction Income Bond
BNP PARIBAS FUNDS+AF8-20250704,Euro High Yield Bond
BNP PARIBAS FUNDS+AF8-20250704,Euro High Yield Short Duration Bond
BNP PARIBAS FUNDS+AF8-20250704,Euro Inflation+AC0-Linked Bond
BNP PARIBAS FUNDS+AF8-20250704,Euro Medium Term Income Bond
BNP PARIBAS FUNDS+AF8-20250704,Euro Money Market
BNP PARIBAS FUNDS+AF8-20250704,Europe Convertible
BNP PARIBAS FUNDS+AF8-20250704,Europe Equity
BNP PARIBAS FUNDS+AF8-20250704,Europe Growth
BNP PARIBAS FUNDS+AF8-20250704,Europe Real Estate Securities
BNP PARIBAS FUNDS+AF8-20250704,Europe Small Cap
BNP PARIBAS FUNDS+AF8-20250704,Europe Strategic Autonomy
BNP PARIBAS FUNDS+AF8-20250704,Global Absolute Return Bond
BNP PARIBAS FUNDS+AF8-20250704,Global Bond Opportunities
BNP PARIBAS FUNDS+AF8-20250704,Global Convertible
BNP PARIBAS FUNDS+AF8-20250704,Global Environment
BNP PARIBAS FUNDS+AF8-20250704,Global Equity Net Zero Transition
BNP PARIBAS FUNDS+AF8-20250704,Global High Yield Bond
BNP PARIBAS FUNDS+AF8-20250704,Global Income Bond
BNP PARIBAS FUNDS+AF8-20250704,Global Inflation+AC0-Linked Bond
BNP PARIBAS FUNDS+AF8-20250704,Global Megatrends
BNP PARIBAS FUNDS+AF8-20250704,Green Bond
BNP PARIBAS FUNDS+AF8-20250704,Green Tigers
BNP PARIBAS FUNDS+AF8-20250704,Health Care Innovators
BNP PARIBAS FUNDS+AF8-20250704,Inclusive Growth
BNP PARIBAS FUNDS+AF8-20250704,India Equity
BNP PARIBAS FUNDS+AF8-20250704,Japan Equity
BNP PARIBAS FUNDS+AF8-20250704,Japan Small Cap
BNP PARIBAS FUNDS+AF8-20250704,Local Emerging Bond
BNP PARIBAS FUNDS+AF8-20250704,Multi+AC0-Asset Thematic
BNP PARIBAS FUNDS+AF8-20250704,Responsible US Multi+AC0-Factor Equity
BNP PARIBAS FUNDS+AF8-20250704,Responsible US Value Multi+AC0-Factor Equity
BNP PARIBAS FUNDS+AF8-20250704,Russia Equity
BNP PARIBAS FUNDS+AF8-20250704,Seasons
BNP PARIBAS FUNDS+AF8-20250704,Smart Food
BNP PARIBAS FUNDS+AF8-20250704,Social Bond
BNP PARIBAS FUNDS+AF8-20250704,Sustainable Enhanced Bond 12M
BNP PARIBAS FUNDS+AF8-20250704,Sustainable Euro Bond
BNP PARIBAS FUNDS+AF8-20250704,Sustainable Euro Corporate Bond
BNP PARIBAS FUNDS+AF8-20250704,Sustainable Euro Multi+AC0-Factor Corporate Bond
BNP PARIBAS FUNDS+AF8-20250704,Sustainable Europe Dividend
BNP PARIBAS FUNDS+AF8-20250704,Sustainable Europe Multi+AC0-Factor Equity
BNP PARIBAS FUNDS+AF8-20250704,Sustainable Global Corporate Bond
BNP PARIBAS FUNDS+AF8-20250704,Sustainable Global Low Vol Equity
BNP PARIBAS FUNDS+AF8-20250704,Sustainable Multi+AC0-Asset Balanced
BNP PARIBAS FUNDS+AF8-20250704,Sustainable Multi+AC0-Asset Growth
BNP PARIBAS FUNDS+AF8-20250704,Sustainable Multi+AC0-Asset Stability
BNP PARIBAS FUNDS+AF8-20250704,Target Risk Balanced
BNP PARIBAS FUNDS+AF8-20250704,Turkey Equity
BNP PARIBAS FUNDS+AF8-20250704,US Growth
BNP PARIBAS FUNDS+AF8-20250704,US High Yield Bond
BNP PARIBAS FUNDS+AF8-20250704,US Mid Cap
BNP PARIBAS FUNDS+AF8-20250704,US Small Cap
BNP PARIBAS FUNDS+AF8-20250704,USD Money Market
BNP PARIBAS FUNDS+AF8-20250704,USD Short Duration Bond
BNP PARIBAS INSTICASH+AF8-20240301,BNP PARIBAS INSTICASH EUR 3M
BNP PARIBAS INSTICASH+AF8-20240301,BNP PARIBAS INSTICASH GBP 1D LVNAV
BNP PARIBAS INSTICASH+AF8-20240301,BNP PARIBAS INSTICASH USD 1D LVNAV
BNP PARIBAS PERSPECTIVES+AF8-20230329,BNP PARIBAS PERSPECTIVES 2034+AC0-2036
BNP PARIBAS PERSPECTIVES+AF8-20230329,BNP PARIBAS PERSPECTIVES 2037+AC0-2039
BNP PARIBAS PERSPECTIVES+AF8-20230329,BNP PARIBAS PERSPECTIVES 2040+AC0-2042
BNP PARIBAS PERSPECTIVES+AF8-20230329,BNP PARIBAS PERSPECTIVES Court Terme
CAPITAL INTERNATIONAL FUND+AF8-20230426,Capital Group Multi+AC0-Sector Income Fund (LUX)
CAPITAL INTERNATIONAL FUND+AF8-20230426,Capital Group New Perspective Fund (LUX)
CAPITAL INTERNATIONAL FUND+AF8-20230426,Capital Group US Corporate Bond Fund (LUX)
CITI FUNDS+AF8-20250523,Global Dividend Knights Fund
CITI FUNDS+AF8-20250523,Global Equity Sector Portfolio +AC0- Health Care Fund
CITI FUNDS+AF8-20250523,Global Multi+AC0-Thematic Equity Fund
CITI FUNDS+AF8-20250523,Multi Asset Class Balanced Level 3 (L3) Fund
CITI FUNDS+AF8-20250523,Multi Asset Class Conservative Level 2 (L2) Fund
CITI FUNDS+AF8-20250523,Multi Asset Class Growth Level 4 (L4) Fund
CPR INVEST+AF8-20250704,Food for Generations
CPR INVEST+AF8-20250704,Global Gold Mines
CPR INVEST+AF8-20250704,Global Disruptive Opportunities
CPR INVEST+AF8-20250704,Global Lifestyles
CPR INVEST+AF8-20250704,Global Resources
CPR INVEST+AF8-20250704,Hydrogen
CPR INVEST+AF8-20250704,Silver Age
CS INVESTMENT FUNDS 2+AF8-20250408,UBS (LUX) Climate Solutions Equity Fund
CS INVESTMENT FUNDS 2+AF8-20250408,UBS (LUX) Digital Health Equity Fund
CS INVESTMENT FUNDS 2+AF8-20250408,UBS (LUX) Energy Solutions Equity Fund
CS INVESTMENT FUNDS 2+AF8-20250408,UBS (LUX) Infrastructure Equity Fund
CS INVESTMENT FUNDS 2+AF8-20250408,UBS (LUX) Security Equity Fund
EDMOND DE ROTHSCHILD SICAV+AF8-20250327,EdR SICAV +//3//f/9- Mill+//3//Q-sima Select 2028
EDMOND DE ROTHSCHILD SICAV+AF8-20250327,Global Resilience
ELEVA UCITS FUND+AF8-20250617,Eleva European Selection Fund
EPSILON FUND+AF8-20241111,Euro Q+AC0-Equity
EURIZON FUND+AF8-20241128,Bond Aggregate EUR
EURIZON FUND+AF8-20241128,Bond Corporate EUR
EURIZON FUND+AF8-20241128,Bond Corporate EUR Short Term
EURIZON FUND+AF8-20241128,Bond Euro High Yield
EURIZON FUND+AF8-20241128,Bond High Yield
EURIZON FUND+AF8-20241128,Equity China A
EURIZON FUND+AF8-20241128,Equity Circular Economy
EURIZON FUND+AF8-20241128,Equity High dividend
EURIZON FUND+AF8-20241128,Equity Innovation
EURIZON FUND+AF8-20241128,Equity People
EURIZON FUND+AF8-20241128,Equity Planet
EURIZON FUND+AF8-20241128,Equity USA
EURIZON FUND+AF8-20241128,Equity World Smart Volatility
EURIZON FUND+AF8-20241128,Global Multi Credit
EURIZON FUND+AF8-20241128,Securitized Bond Fund
EURIZON FUND+AF8-20241128,Sustainable Japan Equity
EURIZON FUND+AF8-20241128,Top European Research
FIDELITY INSTITUTIONAL LIQUIDITY FUND PLC+AF8-20240502,The Sterling Fund
FIDELITY INSTITUTIONAL LIQUIDITY FUND PLC+AF8-20240502,The United States Dollar Fund
FIDELITY INSTITUTIONAL LIQUIDITY FUND PLC+AF8-20240502,The United States Dollar Treasury Fund
FIRST EAGLE AMUNDI+AF8-20250407,Income Builder Fund
FIRST EAGLE AMUNDI+AF8-20250407,Resilient Equity Fund
FRANKLIN TEMPLETON GLOBAL FUNDS+AF8-20250714,FTGF Brandywine Global Fixed Income Fund
FRANKLIN TEMPLETON GLOBAL FUNDS+AF8-20250714,FTGF Brandywine Global Income Optimiser Fund
FRANKLIN TEMPLETON GLOBAL FUNDS+AF8-20250714,FTGF ClearBridge Global Growth Leaders Fund
FRANKLIN TEMPLETON GLOBAL FUNDS+AF8-20250714,FTGF ClearBridge Global Infrastructure Income Fund
FRANKLIN TEMPLETON GLOBAL FUNDS+AF8-20250714,FTGF ClearBridge Infrastructure Value Fund
FRANKLIN TEMPLETON GLOBAL FUNDS+AF8-20250714,FTGF ClearBridge Tactical Dividend Income Fund
FRANKLIN TEMPLETON GLOBAL FUNDS+AF8-20250714,FTGF ClearBridge US Aggressive Growth Fund
FRANKLIN TEMPLETON GLOBAL FUNDS+AF8-20250714,FTGF ClearBridge US Equity Sustainability Leaders Fund
FRANKLIN TEMPLETON GLOBAL FUNDS+AF8-20250714,FTGF ClearBridge US Large Cap Growth Fund
FRANKLIN TEMPLETON GLOBAL FUNDS+AF8-20250714,FTGF ClearBridge US Value Fund
FRANKLIN TEMPLETON GLOBAL FUNDS+AF8-20250714,FTGF Franklin European Unconstrained Fund
FRANKLIN TEMPLETON GLOBAL FUNDS+AF8-20250714,FTGF Franklin Global High Yield Bond Fund
FRANKLIN TEMPLETON GLOBAL FUNDS+AF8-20250714,FTGF Franklin Ultra Short Duration Income Fund
FRANKLIN TEMPLETON GLOBAL FUNDS+AF8-20250714,FTGF Putnam US Large Cap Value Fund
FRANKLIN TEMPLETON GLOBAL FUNDS+AF8-20250714,FTGF Putnam US Research Fund
FRANKLIN TEMPLETON GLOBAL FUNDS+AF8-20250714,FTGF Royce US Small Cap Opportunity Fund
FRANKLIN TEMPLETON GLOBAL FUNDS+AF8-20250714,FTGF Royce US Smaller Companies Fund
FRANKLIN TEMPLETON GLOBAL FUNDS+AF8-20250714,FTGF Western Asset Global Multi Strategy Fund
FRANKLIN TEMPLETON GLOBAL FUNDS+AF8-20250714,FTGF Western Asset Short Duration Blue Chip Bond Fund
FRANKLIN TEMPLETON GLOBAL FUNDS+AF8-20250714,FTGF Western Asset US Core Bond Fund
FRANKLIN TEMPLETON GLOBAL FUNDS+AF8-20250714,FTGF Western Asset US Core Plus Bond Fund
FRANKLIN TEMPLETON GLOBAL FUNDS+AF8-20250714,FTGF Western Asset US High Yield Fund
FRANKLIN TEMPLETON GLOBAL SOLUTIONS+AF8-20240619,Franklin Multi+AC0-Asset Growth Fund
FRANKLIN TEMPLETON INVESTMENT FUNDS+AF8-20250717,Franklin Biotechnology Discovery Fund
FRANKLIN TEMPLETON INVESTMENT FUNDS+AF8-20250717,Franklin Disruptive Commerce Fund
FRANKLIN TEMPLETON INVESTMENT FUNDS+AF8-20250717,Franklin Diversified Balanced Fund
FRANKLIN TEMPLETON INVESTMENT FUNDS+AF8-20250717,Franklin Diversified Conservative Fund
FRANKLIN TEMPLETON INVESTMENT FUNDS+AF8-20250717,Franklin Diversified Dynamic Fund
FRANKLIN TEMPLETON INVESTMENT FUNDS+AF8-20250717,Franklin Emerging Markets Debt Opportunities Hard Currency Fund
FRANKLIN TEMPLETON INVESTMENT FUNDS+AF8-20250717,Franklin Euro Government Bond Fund
FRANKLIN TEMPLETON INVESTMENT FUNDS+AF8-20250717,Franklin Euro High Yield Fund
FRANKLIN TEMPLETON INVESTMENT FUNDS+AF8-20250717,Franklin Euro Short Duration Bond Fund
FRANKLIN TEMPLETON INVESTMENT FUNDS+AF8-20250717,Franklin European Corporate Bond Fund
FRANKLIN TEMPLETON INVESTMENT FUNDS+AF8-20250717,Franklin European Social Leaders Bond Fund
FRANKLIN TEMPLETON INVESTMENT FUNDS+AF8-20250717,Franklin European Total Return Fund
FRANKLIN TEMPLETON INVESTMENT FUNDS+AF8-20250717,Franklin Flexible Alpha Bond Fund
FRANKLIN TEMPLETON INVESTMENT FUNDS+AF8-20250717,Franklin Genomic Advancements Fund
FRANKLIN TEMPLETON INVESTMENT FUNDS+AF8-20250717,Franklin Global Convertible Securities Fund
FRANKLIN TEMPLETON INVESTMENT FUNDS+AF8-20250717,Franklin Global Fundamental Strategies Fund
FRANKLIN TEMPLETON INVESTMENT FUNDS+AF8-20250717,Franklin Global Income Fund
FRANKLIN TEMPLETON INVESTMENT FUNDS+AF8-20250717,Franklin Global Multi+AC0-Asset Income Fund
FRANKLIN TEMPLETON INVESTMENT FUNDS+AF8-20250717,Franklin Global Real Estate Fund
FRANKLIN TEMPLETON INVESTMENT FUNDS+AF8-20250717,Franklin Gold and Precious Metals Fund
FRANKLIN TEMPLETON INVESTMENT FUNDS+AF8-20250717,Franklin Gulf Wealth Bond Fund
FRANKLIN TEMPLETON INVESTMENT FUNDS+AF8-20250717,Franklin High Yield Fund
FRANKLIN TEMPLETON INVESTMENT FUNDS+AF8-20250717,Franklin Income Fund
FRANKLIN TEMPLETON INVESTMENT FUNDS+AF8-20250717,Franklin India Fund
FRANKLIN TEMPLETON INVESTMENT FUNDS+AF8-20250717,Franklin Innovation Fund
FRANKLIN TEMPLETON INVESTMENT FUNDS+AF8-20250717,Franklin Intelligent Machines Fund
FRANKLIN TEMPLETON INVESTMENT FUNDS+AF8-20250717,Franklin MENA Fund
FRANKLIN TEMPLETON INVESTMENT FUNDS+AF8-20250717,Franklin Mutual European Fund
FRANKLIN TEMPLETON INVESTMENT FUNDS+AF8-20250717,Franklin Mutual Global Discovery Fund
FRANKLIN TEMPLETON INVESTMENT FUNDS+AF8-20250717,Franklin Mutual US Value Fund
FRANKLIN TEMPLETON INVESTMENT FUNDS+AF8-20250717,Franklin Natural Resources Fund
FRANKLIN TEMPLETON INVESTMENT FUNDS+AF8-20250717,Franklin Sealand China A+AC0-Shares Fund
FRANKLIN TEMPLETON INVESTMENT FUNDS+AF8-20250717,Franklin Strategic Income Fund
FRANKLIN TEMPLETON INVESTMENT FUNDS+AF8-20250717,Franklin Sustainable Global Growth Fund
FRANKLIN TEMPLETON INVESTMENT FUNDS+AF8-20250717,Franklin Technology Fund
FRANKLIN TEMPLETON INVESTMENT FUNDS+AF8-20250717,Franklin US Dollar Short+AC0-Term Money Market Fund
FRANKLIN TEMPLETON INVESTMENT FUNDS+AF8-20250717,Franklin US Government Fund
FRANKLIN TEMPLETON INVESTMENT FUNDS+AF8-20250717,Franklin US Low Duration Fund
FRANKLIN TEMPLETON INVESTMENT FUNDS+AF8-20250717,Franklin US Opportunities Fund
FRANKLIN TEMPLETON INVESTMENT FUNDS+AF8-20250717,Martin Currie UK Equity Income Fund
FRANKLIN TEMPLETON INVESTMENT FUNDS+AF8-20250717,Templeton Asian Bond Fund
FRANKLIN TEMPLETON INVESTMENT FUNDS+AF8-20250717,Templeton Asian Growth Fund
FRANKLIN TEMPLETON INVESTMENT FUNDS+AF8-20250717,Templeton Asian Smaller Companies Fund
FRANKLIN TEMPLETON INVESTMENT FUNDS+AF8-20250717,Templeton BRIC Fund
FRANKLIN TEMPLETON INVESTMENT FUNDS+AF8-20250717,Templeton China A+AC0-Shares Fund
FRANKLIN TEMPLETON INVESTMENT FUNDS+AF8-20250717,Templeton China Fund
FRANKLIN TEMPLETON INVESTMENT FUNDS+AF8-20250717,Templeton Eastern Europe Fund
FRANKLIN TEMPLETON INVESTMENT FUNDS+AF8-20250717,Templeton Emerging Markets Bond Fund
FRANKLIN TEMPLETON INVESTMENT FUNDS+AF8-20250717,Templeton Emerging Markets Dynamic Income Fund
FRANKLIN TEMPLETON INVESTMENT FUNDS+AF8-20250717,Templeton Emerging Markets Fund
FRANKLIN TEMPLETON INVESTMENT FUNDS+AF8-20250717,Templeton Emerging Markets Smaller Companies Fund
FRANKLIN TEMPLETON INVESTMENT FUNDS+AF8-20250717,Templeton Emerging Markets Sustainability Fund
FRANKLIN TEMPLETON INVESTMENT FUNDS+AF8-20250717,Templeton European Improvers Fund
FRANKLIN TEMPLETON INVESTMENT FUNDS+AF8-20250717,Templeton European Insights Fund
FRANKLIN TEMPLETON INVESTMENT FUNDS+AF8-20250717,Templeton European Opportunities Fund
FRANKLIN TEMPLETON INVESTMENT FUNDS+AF8-20250717,Templeton European Small+AC0-Mid Cap Fund
FRANKLIN TEMPLETON INVESTMENT FUNDS+AF8-20250717,Templeton Frontier Markets Fund
FRANKLIN TEMPLETON INVESTMENT FUNDS+AF8-20250717,Templeton Global Bond (Euro) Fund
FRANKLIN TEMPLETON INVESTMENT FUNDS+AF8-20250717,Templeton Global Bond Fund
FRANKLIN TEMPLETON INVESTMENT FUNDS+AF8-20250717,Templeton Global Climate Change Fund
FRANKLIN TEMPLETON INVESTMENT FUNDS+AF8-20250717,Templeton Global Fund
FRANKLIN TEMPLETON INVESTMENT FUNDS+AF8-20250717,Templeton Global High Yield Fund
FRANKLIN TEMPLETON INVESTMENT FUNDS+AF8-20250717,Templeton Global Income Fund
FRANKLIN TEMPLETON INVESTMENT FUNDS+AF8-20250717,Templeton Global Leaders Fund
FRANKLIN TEMPLETON INVESTMENT FUNDS+AF8-20250717,Templeton Global Smaller Companies Fund
FRANKLIN TEMPLETON INVESTMENT FUNDS+AF8-20250717,Templeton Global Total Return Fund
FRANKLIN TEMPLETON INVESTMENT FUNDS+AF8-20250717,Templeton Global Value and Income Fund
FRANKLIN TEMPLETON INVESTMENT FUNDS+AF8-20250717,Templeton Growth (Euro) Fund
FRANKLIN TEMPLETON INVESTMENT FUNDS+AF8-20250717,Templeton Japan Fund
FRANKLIN TEMPLETON INVESTMENT FUNDS+AF8-20250717,Templeton Latin America Fund
FRANKLIN TEMPLETON OPPORTUNITIES FUNDS+AF8-20241119,Franklin Global Target Euro Income 2025 Fund
FUNDSMITH SICAV+AF8-20250128,Fundsmith Sustainable Equity Fund
GMM FUNDS+AF8-20250620,GMM Blue Water Investments Balanced Fund
GMM FUNDS+AF8-20250620,GMM Fixed Income Bond Fund
GMM FUNDS+AF8-20250620,GMM Kolona Balanced Fund
GMM FUNDS+AF8-20250620,GMM Kriton Global Allocation Balanced Fund
GMM FUNDS+AF8-20250620,GMM Momentum Global Bond Fund
GOLDMAN SACHS ETF ICAV+AF8-20250404,Goldman Sachs Alpha Enhanced Europe Equity Active UCITS ETF
GOLDMAN SACHS ETF ICAV+AF8-20250404,Goldman Sachs Alpha Enhanced Japan Equity Active UCITS ETF
GOLDMAN SACHS ETF ICAV+AF8-20250404,Goldman Sachs Alpha Enhanced US Equity Active UCITS ETF
GOLDMAN SACHS ETF ICAV+AF8-20250404,Goldman Sachs Alpha Enhanced World Equity Active UCITS ETF
GOLDMAN SACHS ETF ICAV+AF8-20250404,Goldman Sachs Emerging Markets Green and Social Bond Active UCITS ETF
GOLDMAN SACHS ETF ICAV+AF8-20250404,Goldman Sachs EUR High Yield Bond Active UCITS ETF
GOLDMAN SACHS ETF ICAV+AF8-20250404,Goldman Sachs EUR Investment Grade Corporate Bond Active UCITS ETF
GOLDMAN SACHS ETF ICAV+AF8-20250404,Goldman Sachs Global Green Bond UCITS ETF
GOLDMAN SACHS ETF ICAV+AF8-20250404,Goldman Sachs USD High Yield Bond Active UCITS ETF
GOLDMAN SACHS ETF ICAV+AF8-20250404,Goldman Sachs USD Investment Grade Corporate Bond Active UCITS ETF
GOLDMAN SACHS FUNDS III+AF8-20250520,Goldman Sachs Asia Equity Income
GOLDMAN SACHS FUNDS III+AF8-20250520,Goldman Sachs Asian Debt (Hard Currency)
GOLDMAN SACHS FUNDS III+AF8-20250520,Goldman Sachs Climate +ACY- Environment Equity
GOLDMAN SACHS FUNDS III+AF8-20250520,Goldman Sachs Commodity Enhanced
GOLDMAN SACHS FUNDS III+AF8-20250520,Goldman Sachs Emerging Markets Debt (Hard Currency)
GOLDMAN SACHS FUNDS III+AF8-20250520,Goldman Sachs Emerging Markets Debt (Local Bond)
GOLDMAN SACHS FUNDS III+AF8-20250520,Goldman Sachs Emerging Markets Enhanced Index Sustainable Equity
GOLDMAN SACHS FUNDS III+AF8-20250520,Goldman Sachs Emerging Markets Equity Income
GOLDMAN SACHS FUNDS III+AF8-20250520,Goldman Sachs Euro Bond
GOLDMAN SACHS FUNDS III+AF8-20250520,Goldman Sachs Euro Credit
GOLDMAN SACHS FUNDS III+AF8-20250520,Goldman Sachs Euro Long Duration Bond
GOLDMAN SACHS FUNDS III+AF8-20250520,Goldman Sachs Euro Short Duration Bond
GOLDMAN SACHS FUNDS III+AF8-20250520,Goldman Sachs Euro Sustainable Credit (ex+AC0-Financials)
GOLDMAN SACHS FUNDS III+AF8-20250520,Goldman Sachs Euromix Bond
GOLDMAN SACHS FUNDS III+AF8-20250520,Goldman Sachs Europe Equity
GOLDMAN SACHS FUNDS III+AF8-20250520,Goldman Sachs Europe Equity Income
GOLDMAN SACHS FUNDS III+AF8-20250520,Goldman Sachs Europe High Yield
GOLDMAN SACHS FUNDS III+AF8-20250520,Goldman Sachs Europe Sustainable Equity
GOLDMAN SACHS FUNDS III+AF8-20250520,Goldman Sachs Eurozone Equity
GOLDMAN SACHS FUNDS III+AF8-20250520,Goldman Sachs Eurozone Equity Income
GOLDMAN SACHS FUNDS III+AF8-20250520,Goldman Sachs Global Environmental Transition Equity
GOLDMAN SACHS FUNDS III+AF8-20250520,Goldman Sachs Global Equity Impact Opportunities
GOLDMAN SACHS FUNDS III+AF8-20250520,Goldman Sachs Global Equity Income
GOLDMAN SACHS FUNDS III+AF8-20250520,Goldman Sachs Global Flexible Multi+AC0-Asset
GOLDMAN SACHS FUNDS III+AF8-20250520,Goldman Sachs Global High Yield
GOLDMAN SACHS FUNDS III+AF8-20250520,Goldman Sachs Global Inflation Linked Bond
GOLDMAN SACHS FUNDS III+AF8-20250520,Goldman Sachs Global Investment Grade Credit (Former NN)
GOLDMAN SACHS FUNDS III+AF8-20250520,Goldman Sachs Global Real Estate Equity
GOLDMAN SACHS FUNDS III+AF8-20250520,Goldman Sachs Global Social Impact Equity
GOLDMAN SACHS FUNDS III+AF8-20250520,Goldman Sachs Global Sustainable Equity
GOLDMAN SACHS FUNDS III+AF8-20250520,Goldman Sachs Greater China Equity
GOLDMAN SACHS FUNDS III+AF8-20250520,Goldman Sachs Green Bond
GOLDMAN SACHS FUNDS III+AF8-20250520,Goldman Sachs Japan Equity
GOLDMAN SACHS FUNDS III+AF8-20250520,Goldman Sachs Protection
GOLDMAN SACHS FUNDS III+AF8-20250520,Goldman Sachs US Dollar Credit
GOLDMAN SACHS FUNDS III+AF8-20250520,Goldman Sachs US Enhanced Equity
GOLDMAN SACHS FUNDS III+AF8-20250520,Goldman Sachs US Equity Income
GOLDMAN SACHS FUNDS III+AF8-20250520,Goldman Sachs US Factor Credit
GOLDMAN SACHS FUNDS III+AF8-20250520,Goldman Sachs USD Green Bond
GOLDMAN SACHS FUNDS PLC+AF8-20240625,Goldman Sachs Euro Liquid Reserves Fund
GOLDMAN SACHS FUNDS PLC+AF8-20240625,Goldman Sachs Euro Standard VNAV Fund
GOLDMAN SACHS FUNDS PLC+AF8-20240625,Goldman Sachs Sterling Government Liquid Reserves Fund
GOLDMAN SACHS FUNDS PLC+AF8-20240625,Goldman Sachs Sterling Liquid Reserves Fund
GOLDMAN SACHS FUNDS PLC+AF8-20240625,Goldman Sachs USD Liquid Reserves Fund
GOLDMAN SACHS FUNDS PLC+AF8-20240625,Goldman Sachs USD Standard VNAV Fund
GOLDMAN SACHS FUNDS PLC+AF8-20240625,Goldman Sachs USD Treasury Liquid Reserves Fund
GOLDMAN SACHS FUNDS PLC+AF8-20240625,Goldman Sachs Yen Liquid Reserves Fund
GOLDMAN SACHS FUNDS SICAV+AF8-20250704,Goldman Sachs Alternative Trend Portfolio
GOLDMAN SACHS FUNDS SICAV+AF8-20250704,Goldman Sachs Asia Equity Portfolio
GOLDMAN SACHS FUNDS SICAV+AF8-20250704,Goldman Sachs Asia High Yield Bond Portfolio
GOLDMAN SACHS FUNDS SICAV+AF8-20250704,Goldman Sachs Emerging Markets CORE+//3//Q- Equity Portfolio
GOLDMAN SACHS FUNDS SICAV+AF8-20250704,Goldman Sachs Emerging Markets Corporate Bond Portfolio
GOLDMAN SACHS FUNDS SICAV+AF8-20250704,Goldman Sachs Emerging Markets Debt Blend Portfolio
GOLDMAN SACHS FUNDS SICAV+AF8-20250704,Goldman Sachs Emerging Markets Debt Portfolio
GOLDMAN SACHS FUNDS SICAV+AF8-20250704,Goldman Sachs Emerging Markets Equity ESG Portfolio
GOLDMAN SACHS FUNDS SICAV+AF8-20250704,Goldman Sachs Emerging Markets Equity Portfolio
GOLDMAN SACHS FUNDS SICAV+AF8-20250704,Goldman Sachs Emerging Markets ex+AC0-China Core+//3//Q- Equity Portfolio
GOLDMAN SACHS FUNDS SICAV+AF8-20250704,Goldman Sachs Emerging Markets ex+AC0-China Equity Portfolio
GOLDMAN SACHS FUNDS SICAV+AF8-20250704,Goldman Sachs Emerging Markets Short Duration Bond Portfolio
GOLDMAN SACHS FUNDS SICAV+AF8-20250704,Goldman Sachs Emerging Markets Total Return Bond Portfolio
GOLDMAN SACHS FUNDS SICAV+AF8-20250704,Goldman Sachs Euro Short Duration Bond Plus Portfolio
GOLDMAN SACHS FUNDS SICAV+AF8-20250704,Goldman Sachs Europe High Yield Bond Portfolio
GOLDMAN SACHS FUNDS SICAV+AF8-20250704,Goldman Sachs Eurozone Core+//3//Q- Equity Portfolio
GOLDMAN SACHS FUNDS SICAV+AF8-20250704,Goldman Sachs Global Absolute Return Portfolio
GOLDMAN SACHS FUNDS SICAV+AF8-20250704,Goldman Sachs Global Clean Energy Infrastructure Equity Portfolio
GOLDMAN SACHS FUNDS SICAV+AF8-20250704,Goldman Sachs Global CORE+//3//Q- Equity Portfolio
GOLDMAN SACHS FUNDS SICAV+AF8-20250704,Goldman Sachs Global Credit Portfolio (hedged)
GOLDMAN SACHS FUNDS SICAV+AF8-20250704,Goldman Sachs Global Dynamic Bond Plus Portfolio
GOLDMAN SACHS FUNDS SICAV+AF8-20250704,Goldman Sachs Global Environmental Impact Equity Portfolio
GOLDMAN SACHS FUNDS SICAV+AF8-20250704,Goldman Sachs Global Equity Income Portfolio
GOLDMAN SACHS FUNDS SICAV+AF8-20250704,Goldman Sachs Global Equity Partners ESG Portfolio
GOLDMAN SACHS FUNDS SICAV+AF8-20250704,Goldman Sachs Global Fixed Income Plus Portfolio (hedged)
GOLDMAN SACHS FUNDS SICAV+AF8-20250704,Goldman Sachs Global Fixed Income Portfolio
GOLDMAN SACHS FUNDS SICAV+AF8-20250704,Goldman Sachs Global Fixed Income Portfolio (hedged)
GOLDMAN SACHS FUNDS SICAV+AF8-20250704,Goldman Sachs Global Future Health Care Equity Portfolio
GOLDMAN SACHS FUNDS SICAV+AF8-20250704,Goldman Sachs Global Future Real Estate and Infrastructure Equity Portfolio
GOLDMAN SACHS FUNDS SICAV+AF8-20250704,Goldman Sachs Global Future Technology Leaders Equity Portfolio
GOLDMAN SACHS FUNDS SICAV+AF8-20250704,Goldman Sachs Global High Yield Portfolio
GOLDMAN SACHS FUNDS SICAV+AF8-20250704,Goldman Sachs Global Income Bond
GOLDMAN SACHS FUNDS SICAV+AF8-20250704,Goldman Sachs Global Income Bond Portfolio
GOLDMAN SACHS FUNDS SICAV+AF8-20250704,Goldman Sachs Global Infrastructure Equity Portfolio
GOLDMAN SACHS FUNDS SICAV+AF8-20250704,Goldman Sachs Global Millennials Equity Portfolio
GOLDMAN SACHS FUNDS SICAV+AF8-20250704,Goldman Sachs Global Multi+AC0-Asset Balanced Portfolio
GOLDMAN SACHS FUNDS SICAV+AF8-20250704,Goldman Sachs Global Multi+AC0-Asset Conservative Portfolio
GOLDMAN SACHS FUNDS SICAV+AF8-20250704,Goldman Sachs Global Multi+AC0-Asset Growth Portfolio
GOLDMAN SACHS FUNDS SICAV+AF8-20250704,Goldman Sachs Global Multi+AC0-Asset Income Portfolio
GOLDMAN SACHS FUNDS SICAV+AF8-20250704,Goldman Sachs Global Real Estate Equity Portfolio
GOLDMAN SACHS FUNDS SICAV+AF8-20250704,Goldman Sachs Global Small Cap CORE+//3//Q- Equity Portfolio
GOLDMAN SACHS FUNDS SICAV+AF8-20250704,Goldman Sachs Global Strategic Macro Bond Portfolio
GOLDMAN SACHS FUNDS SICAV+AF8-20250704,Goldman Sachs India Equity Portfolio
GOLDMAN SACHS FUNDS SICAV+AF8-20250704,Goldman Sachs Japan Equity Partners Portfolio
GOLDMAN SACHS FUNDS SICAV+AF8-20250704,Goldman Sachs Japan Equity Portfolio
GOLDMAN SACHS FUNDS SICAV+AF8-20250704,Goldman Sachs Multi+AC0-Manager Dynamic World Equity Portfolio
GOLDMAN SACHS FUNDS SICAV+AF8-20250704,Goldman Sachs North America Energy +ACY- Energy Infrastructure Equity Portfolio
GOLDMAN SACHS FUNDS SICAV+AF8-20250704,Goldman Sachs Short Duration Opportunistic Corporate Bond Portfolio
GOLDMAN SACHS FUNDS SICAV+AF8-20250704,Goldman Sachs Sterling Credit Portfolio
GOLDMAN SACHS FUNDS SICAV+AF8-20250704,Goldman Sachs Strategic Absolute Return Bond II Portfolio
GOLDMAN SACHS FUNDS SICAV+AF8-20250704,Goldman Sachs US CORE+//3//Q- Equity Portfolio
GOLDMAN SACHS FUNDS SICAV+AF8-20250704,Goldman Sachs US Dollar Short Duration Bond Portfolio
GOLDMAN SACHS FUNDS SICAV+AF8-20250704,Goldman Sachs US Equity ESG Portfolio
GOLDMAN SACHS FUNDS SICAV+AF8-20250704,Goldman Sachs US Fixed Income Portfolio
GOLDMAN SACHS FUNDS SICAV+AF8-20250704,Goldman Sachs US Mortgage Backed Securities Portfolio
GOLDMAN SACHS FUNDS SICAV+AF8-20250704,Goldman Sachs US Real Estate Balanced Portfolio
GOLDMAN SACHS FUNDS SICAV+AF8-20250704,Goldman Sachs US Small Cap Core+//3//Q- Equity Portfolio
GOLDMAN SACHS FUNDS SICAV+AF8-20250704,Goldman Sachs US Small Cap Equity Portfolio
GOLDMAN SACHS FUNDS SICAV+AF8-20250704,Goldman Sachs US Technology Opportunities Equity Portfolio
GOLDMAN SACHS FUNDS V+AF8-20230306,Goldman Sachs Patrimonial Balanced
GOLDMAN SACHS FUNDS V+AF8-20230306,Goldman Sachs Patrimonial Balanced Europe Sustainable
GOLDMAN SACHS FUNDS V+AF8-20230306,Goldman Sachs Patrimonial Defensive
GOLDMAN SACHS FUNDS VI+AF8-20250415,Liquid Euro
HEPTAGON FUND ICAV+AF8-20240617,WCM Global Equity Fund
HSBC GLOBAL FUNDS II ICAV+AF8-20240902,Global Fixed Term Bond 2028
HSBC GLOBAL INVESTMENT FUNDS+AF8-20250605,Asia ex Japan Equity
HSBC GLOBAL INVESTMENT FUNDS+AF8-20250605,Asia High Yield Bond
HSBC GLOBAL INVESTMENT FUNDS+AF8-20250605,Brazil Equity
HSBC GLOBAL INVESTMENT FUNDS+AF8-20250605,BRIC Equity
HSBC GLOBAL INVESTMENT FUNDS+AF8-20250605,BRIC Markets Equity
HSBC GLOBAL INVESTMENT FUNDS+AF8-20250605,Chinese Equity
HSBC GLOBAL INVESTMENT FUNDS+AF8-20250605,Corporate Euro Bond Fixed Term 2027
HSBC GLOBAL INVESTMENT FUNDS+AF8-20250605,Economic Scale US Equity
HSBC GLOBAL INVESTMENT FUNDS+AF8-20250605,Euro Bond Total Return
HSBC GLOBAL INVESTMENT FUNDS+AF8-20250605,Euro Credit Bond
HSBC GLOBAL INVESTMENT FUNDS+AF8-20250605,Euro High Yield Bond
HSBC GLOBAL INVESTMENT FUNDS+AF8-20250605,Euroland Equity Smaller Companies
HSBC GLOBAL INVESTMENT FUNDS+AF8-20250605,Euroland Value
HSBC GLOBAL INVESTMENT FUNDS+AF8-20250605,Frontier Markets
HSBC GLOBAL INVESTMENT FUNDS+AF8-20250605,Global Corporate Bond Climate Transition
HSBC GLOBAL INVESTMENT FUNDS+AF8-20250605,Global Emerging Markets Bond
HSBC GLOBAL INVESTMENT FUNDS+AF8-20250605,Global Emerging Markets Debt Total Return
HSBC GLOBAL INVESTMENT FUNDS+AF8-20250605,Global Emerging Markets Equity
HSBC GLOBAL INVESTMENT FUNDS+AF8-20250605,Global Emerging Markets Multi+AC0-Asset Income
HSBC GLOBAL INVESTMENT FUNDS+AF8-20250605,Global Equity Circular Economy
HSBC GLOBAL INVESTMENT FUNDS+AF8-20250605,Global Equity Climate Change
HSBC GLOBAL INVESTMENT FUNDS+AF8-20250605,Global Equity Sustainable Healthcare
HSBC GLOBAL INVESTMENT FUNDS+AF8-20250605,Global Equity Volatility Focused
HSBC GLOBAL INVESTMENT FUNDS+AF8-20250605,Global High Income Bond
HSBC GLOBAL INVESTMENT FUNDS+AF8-20250605,Global Inflation Linked Bond
HSBC GLOBAL INVESTMENT FUNDS+AF8-20250605,Global Infrastructure Equity
HSBC GLOBAL INVESTMENT FUNDS+AF8-20250605,Global Investment Grade Securitised Credit Bond
HSBC GLOBAL INVESTMENT FUNDS+AF8-20250605,Global Lower Carbon Equity
HSBC GLOBAL INVESTMENT FUNDS+AF8-20250605,Global Real Estate Equity
HSBC GLOBAL INVESTMENT FUNDS+AF8-20250605,Global Short Duration Bond
HSBC GLOBAL INVESTMENT FUNDS+AF8-20250605,Global Sustainable Long Term Equity
HSBC GLOBAL INVESTMENT FUNDS+AF8-20250605,India Fixed Income
HSBC GLOBAL INVESTMENT FUNDS+AF8-20250605,Indian Equity
HSBC GLOBAL INVESTMENT FUNDS+AF8-20250605,Managed Solutions +AC0- Asia Focused Income
HSBC GLOBAL INVESTMENT FUNDS+AF8-20250605,Multi+AC0-Asset Style Factors
HSBC GLOBAL INVESTMENT FUNDS+AF8-20250605,Russia Equity
HSBC GLOBAL INVESTMENT FUNDS+AF8-20250605,Turkey Equity
HSBC GLOBAL INVESTMENT FUNDS+AF8-20250605,Ultra Short Duration Bond
HSBC GLOBAL INVESTMENT FUNDS+AF8-20250605,US Dollar Bond
HSBC GLOBAL LIQUIDITY FUNDS PLC+AF8-20221129,HSBC Euro Liquidity Fund
HSBC GLOBAL LIQUIDITY FUNDS PLC+AF8-20221129,HSBC US Dollar Liquidity Fund
HSBC GLOBAL LIQUIDITY FUNDS PLC+AF8-20221129,HSBC US Dollar ESG Liquidity
HSBC PORTFOLIOS,World Selection 2
HSBC PORTFOLIOS,World Selection 3
HSBC PORTFOLIOS,World Selection 4
HSBC PORTFOLIOS,World Selection 5
HSBC RESPONSIBLE INVESTMENT FUNDS+AF8-20250627,SRI Balanced
HSBC RESPONSIBLE INVESTMENT FUNDS+AF8-20250627,SRI Dynamic
HSBC RESPONSIBLE INVESTMENT FUNDS+AF8-20250627,SRI Euro Bond
HSBC RESPONSIBLE INVESTMENT FUNDS+AF8-20250627,SRI Euroland Equity
HSBC RESPONSIBLE INVESTMENT FUNDS+AF8-20250627,SRI Global Equity
HSBC RESPONSIBLE INVESTMENT FUNDS+AF8-20250627,SRI Moderate
INCOMETRIC FUND+AF8-20240412,Hellenic Global Equities
INCOMETRIC FUND+AF8-20240412,Hellenic Global Unconstrained Credit
INCOMETRIC FUND+AF8-20240412,Hellenic Greek Equities Fund
INCOMETRIC FUND+AF8-20240412,Triton (LF) Global Balanced Fund
INDOSUEZ FUNDS+AF8-20240911,Chronos 2029 USD
INDOSUEZ FUNDS+AF8-20240911,Chronos 2030 EUR
INDOSUEZ FUNDS+AF8-20240911,Chronos 2030 USD
INDOSUEZ FUNDS+AF8-20240911,Chronos Green Bonds 2028
INDOSUEZ FUNDS+AF8-20240911,Impact
INSTITUTIONAL CASH SERIES PLC+AF8-20240304,BlackRock ICS Euro Ultra Short Bond Fund
INSTITUTIONAL CASH SERIES PLC+AF8-20240304,BlackRock ICS Sterling Government Liquidity Fund
INSTITUTIONAL CASH SERIES PLC+AF8-20240304,BlackRock ICS US Dollar Ultra Short Bond Fund
INSTITUTIONAL CASH SERIES PLC+AF8-20240304,BlackRock ICS US Treasury Fund
INVESCO FUNDS+AF8-20250714,Invesco Asia Consumer Demand Fund
INVESCO FUNDS+AF8-20250714,Invesco Asia Opportunities Equity Fund
INVESCO FUNDS+AF8-20250714,Invesco Asian Equity Fund
INVESCO FUNDS+AF8-20250714,Invesco Balanced+AC0-Risk Allocation 12+ACU- Fund
INVESCO FUNDS+AF8-20250714,Invesco Balanced+AC0-Risk Allocation Fund
INVESCO FUNDS+AF8-20250714,Invesco Bond Fund
INVESCO FUNDS+AF8-20250714,Invesco Continental European Small Cap Equity Fund
INVESCO FUNDS+AF8-20250714,Invesco Developed Small and Mid+AC0-Cap Equity Fund
INVESCO FUNDS+AF8-20250714,Invesco Developing Initiatives Bond Fund
INVESCO FUNDS+AF8-20250714,Invesco Developing Markets Equity Fund
INVESCO FUNDS+AF8-20250714,Invesco Emerging Markets Bond Fund
INVESCO FUNDS+AF8-20250714,Invesco Emerging Markets Equity Fund
INVESCO FUNDS+AF8-20250714,Invesco Emerging Markets ex+AC0-China Equity Fund
INVESCO FUNDS+AF8-20250714,Invesco Emerging Markets Local Debt Fund
INVESCO FUNDS+AF8-20250714,Invesco Energy Transition Enablement Fund
INVESCO FUNDS+AF8-20250714,Invesco Environmental Climate Opportunities Bond Fund
INVESCO FUNDS+AF8-20250714,Invesco Euro Bond Fund
INVESCO FUNDS+AF8-20250714,Invesco Euro Corporate Bond Fund
INVESCO FUNDS+AF8-20250714,Invesco Euro Equity Fund
INVESCO FUNDS+AF8-20250714,Invesco Euro Short Term Bond Fund
INVESCO FUNDS+AF8-20250714,Invesco Euro Ultra+AC0-Short Term Debt Fund
INVESCO FUNDS+AF8-20250714,Invesco Global Consumer Trends Fund
INVESCO FUNDS+AF8-20250714,Invesco Global Equity Income Fund
INVESCO FUNDS+AF8-20250714,Invesco Global Flexible Bond Fund
INVESCO FUNDS+AF8-20250714,Invesco Global Focus Equity Fund
INVESCO FUNDS+AF8-20250714,Invesco Global Health Care Innovation Fund
INVESCO FUNDS+AF8-20250714,Invesco Global High Yield Fund
INVESCO FUNDS+AF8-20250714,Invesco Global Income Fund
INVESCO FUNDS+AF8-20250714,Invesco Global Income Real Estate Securities Fund
INVESCO FUNDS+AF8-20250714,Invesco Global Investment Grade Corporate Bond Fund
INVESCO FUNDS+AF8-20250714,Invesco Global Real Assets Fund
INVESCO FUNDS+AF8-20250714,Invesco Global Small Cap Equity Fund
INVESCO FUNDS+AF8-20250714,Invesco Global Total Return Bond Fund
INVESCO FUNDS+AF8-20250714,Invesco Greater China Equity Fund
INVESCO FUNDS+AF8-20250714,Invesco India Bond Fund
INVESCO FUNDS+AF8-20250714,Invesco India Equity Fund
INVESCO FUNDS+AF8-20250714,Invesco Japanese Equity Advantage Fund
INVESCO FUNDS+AF8-20250714,Invesco Multi+AC0-Sector Credit Fund
INVESCO FUNDS+AF8-20250714,Invesco Nippon Small/Mid Cap Equity Fund
INVESCO FUNDS+AF8-20250714,Invesco Pan European Equity Fund
INVESCO FUNDS+AF8-20250714,Invesco Pan European Equity Income Fund
INVESCO FUNDS+AF8-20250714,Invesco Pan European High Income Fund
INVESCO FUNDS+AF8-20250714,Invesco Pan European Small Cap Equity Fund
INVESCO FUNDS+AF8-20250714,Invesco Social Progress Fund
INVESCO FUNDS+AF8-20250714,Invesco Sustainable Allocation Fund
INVESCO FUNDS+AF8-20250714,Invesco Sustainable Global Systematic Equity Fund
INVESCO FUNDS+AF8-20250714,Invesco Sustainable Pan European Systematic Equity Fund
INVESCO FUNDS+AF8-20250714,Invesco Transition Eurozone Equity Fund
INVESCO FUNDS+AF8-20250714,Invesco Transition Global Income Fund
INVESCO FUNDS+AF8-20250714,Invesco US Value Equity Fund
INVESCO FUNDS+AF8-20250714,Invesco USD Ultra+AC0-Short Term Debt Fund
JANUS HENDERSON HORIZON FUND+AF8-20231116,Global Property Equities Fund
JANUS HENDERSON HORIZON FUND+AF8-20231116,Global Technology Leaders Fund
JANUS HENDERSON HORIZON FUND+AF8-20231116,Pan European Absolute Return Fund
JANUS HENDERSON HORIZON FUND+AF8-20231116,Pan European Property Equities Fund
JPMORGAN ETFS ICAV+AF8-20250702,All Country Research Enhanced Index Equity Active UCITS ETF
JPMORGAN ETFS ICAV+AF8-20250702,China A Research Enhanced Index Equity Active UCITS ETF
JPMORGAN ETFS ICAV+AF8-20250702,Climate Change Solutions Active UCITS ETF
JPMORGAN ETFS ICAV+AF8-20250702,Emerging Markets Local Currency Bond Active UCITS ETF
JPMORGAN ETFS ICAV+AF8-20250702,EUR 1+AC0-5 yr IG Corporate Bond Active UCITS ETF
JPMORGAN ETFS ICAV+AF8-20250702,EUR Aggregate Bond Active UCITS ETF
JPMORGAN ETFS ICAV+AF8-20250702,EUR Government Bond Active UCITS ETF
JPMORGAN ETFS ICAV+AF8-20250702,EUR High Yield Bond Active UCITS ETF
JPMORGAN ETFS ICAV+AF8-20250702,EUR IG Corporate Bond Active UCITS ETF
JPMORGAN ETFS ICAV+AF8-20250702,EUR Ultra+AC0-Short Income Active UCITS ETF
JPMORGAN ETFS ICAV+AF8-20250702,Europe Research Enhanced Index Equity Active UCITS ETF
JPMORGAN ETFS ICAV+AF8-20250702,Europe Research Enhanced Index Equity SRI Paris Aligned Active UCITS ETF
JPMORGAN ETFS ICAV+AF8-20250702,Eurozone Research Enhanced Index Equity Active UCITS ETF
JPMORGAN ETFS ICAV+AF8-20250702,Global Aggregate Bond Active UCITS ETF
JPMORGAN ETFS ICAV+AF8-20250702,Global Emerging Markets Research Enhanced Index Equity Active UCITS ETF
JPMORGAN ETFS ICAV+AF8-20250702,Global Emerging Markets Research Enhanced Index Equity SRI Paris Aligned Active UCITS ETF
JPMORGAN ETFS ICAV+AF8-20250702,Global Equity Premium Income Active UCITS ETF
JPMORGAN ETFS ICAV+AF8-20250702,Global Government Bond Active UCITS ETF
JPMORGAN ETFS ICAV+AF8-20250702,Global High Yield Corporate Bond Multi+AC0-Factor Active UCITS ETF
JPMORGAN ETFS ICAV+AF8-20250702,Global IG Corporate Bond Active UCITS ETF
JPMORGAN ETFS ICAV+AF8-20250702,Global Research Enhanced Index Equity Active UCITS ETF
JPMORGAN ETFS ICAV+AF8-20250702,Global Research Enhanced Index Equity SRI Paris Aligned Active UCITS ETF
JPMORGAN ETFS ICAV+AF8-20250702,Green Social Sustainable Bond Active UCITS ETF
JPMORGAN ETFS ICAV+AF8-20250702,India Research Enhanced Index Equity Active UCITS ETF
JPMORGAN ETFS ICAV+AF8-20250702,Japan Research Enhanced Index Equity Active UCITS ETF
JPMORGAN ETFS ICAV+AF8-20250702,Nasdaq Equity Premium Income Active UCITS ETF
JPMORGAN ETFS ICAV+AF8-20250702,UK Equity Core Active UCITS ETF
JPMORGAN ETFS ICAV+AF8-20250702,US Equity Active UCITS ETF
JPMORGAN ETFS ICAV+AF8-20250702,US Equity Premium Income Active UCITS ETF
JPMORGAN ETFS ICAV+AF8-20250702,US Growth Equity Active UCITS ETF
JPMORGAN ETFS ICAV+AF8-20250702,US Research Enhanced Index Equity Active UCITS ETF
JPMORGAN ETFS ICAV+AF8-20250702,US Research Enhanced Index Equity SRI Paris Aligned Active UCITS ETF
JPMORGAN ETFS ICAV+AF8-20250702,US Value Equity Active UCITS ETF
JPMORGAN ETFS ICAV+AF8-20250702,USD Emerging Markets Sovereign Bond UCITS ETF
JPMORGAN ETFS ICAV+AF8-20250702,USD High Yield Bond Active UCITS ETF
JPMORGAN ETFS ICAV+AF8-20250702,USD IG Corporate Bond Active UCITS ETF
JPMORGAN FUNDS+AF8-20260630,America Equity Fund
JPMORGAN FUNDS+AF8-20260630,ASEAN Equity Fund
JPMORGAN FUNDS+AF8-20260630,Asia Growth Fund
JPMORGAN FUNDS+AF8-20260630,Asia Pacific Income Fund
JPMORGAN FUNDS+AF8-20260630,Asia Pacific Equity Fund
JPMORGAN FUNDS+AF8-20260630,China A+AC0-Share Opportunities Fund
JPMORGAN FUNDS+AF8-20260630,China Bond Opportunities Fund
JPMORGAN FUNDS+AF8-20260630,China Fund
JPMORGAN FUNDS+AF8-20260630,Climate Change Solutions Fund
JPMORGAN FUNDS+AF8-20260630,Diversified Risk Fund
JPMORGAN FUNDS+AF8-20260630,Emerging Europe Equity Fund
JPMORGAN FUNDS+AF8-20260630,Emerging Markets Corporate Bond Fund
JPMORGAN FUNDS+AF8-20260630,Emerging Markets Debt Fund
JPMORGAN FUNDS+AF8-20260630,Emerging Markets Diversified Equity Plus Fund
JPMORGAN FUNDS+AF8-20260630,Emerging Markets Dividend Fund
JPMORGAN FUNDS+AF8-20260630,Emerging Markets Equity Fund
JPMORGAN FUNDS+AF8-20260630,Emerging Markets Local Currency Debt Fund
JPMORGAN FUNDS+AF8-20260630,Emerging Markets Opportunities Fund
JPMORGAN FUNDS+AF8-20260630,Emerging Markets Small Cap Fund
JPMORGAN FUNDS+AF8-20260630,Emerging Markets Strategic Bond Fund
JPMORGAN FUNDS+AF8-20260630,Emerging Markets Sustainable Equity Fund
JPMORGAN FUNDS+AF8-20260630,EU Government Bond Fund
JPMORGAN FUNDS+AF8-20260630,EUR Money Market VNAV Fund
JPMORGAN FUNDS+AF8-20260630,Euro Aggregate Bond Fund
JPMORGAN FUNDS+AF8-20260630,Euro Corporate Bond Fund
JPMORGAN FUNDS+AF8-20260630,Euro Government Short Duration Bond Fund
JPMORGAN FUNDS+AF8-20260630,Euroland Dynamic Fund
JPMORGAN FUNDS+AF8-20260630,Euroland Equity Fund
JPMORGAN FUNDS+AF8-20260630,Europe Dynamic Fund
JPMORGAN FUNDS+AF8-20260630,Europe Dynamic Small Cap Fund
JPMORGAN FUNDS+AF8-20260630,Europe Dynamic Technologies Fund
JPMORGAN FUNDS+AF8-20260630,Europe Equity Absolute Alpha Fund
JPMORGAN FUNDS+AF8-20260630,Europe Equity Fund
JPMORGAN FUNDS+AF8-20260630,Europe Equity Plus Fund
JPMORGAN FUNDS+AF8-20260630,Europe High Yield Bond Fund
JPMORGAN FUNDS+AF8-20260630,Europe High Yield Short Duration Bond Fund
JPMORGAN FUNDS+AF8-20260630,Europe Small Cap Fund
JPMORGAN FUNDS+AF8-20260630,Europe Strategic Growth Fund
JPMORGAN FUNDS+AF8-20260630,Europe Strategic Value Fund
JPMORGAN FUNDS+AF8-20260630,Europe Sustainable Equity Fund
JPMORGAN FUNDS+AF8-20260630,Europe Sustainable Small Cap Equity Fund
JPMORGAN FUNDS+AF8-20260630,Flexible Credit Fund
JPMORGAN FUNDS+AF8-20260630,Global Aggregate Bond Fund
JPMORGAN FUNDS+AF8-20260630,Global Bond Opportunities Fund
JPMORGAN FUNDS+AF8-20260630,Global Bond Opportunities Sustainable Fund
JPMORGAN FUNDS+AF8-20260630,Global Convertibles Fund (EUR)
JPMORGAN FUNDS+AF8-20260630,Global Corporate Bond Fund
JPMORGAN FUNDS+AF8-20260630,Global Focus Fund
JPMORGAN FUNDS+AF8-20260630,Global Government Bond Fund
JPMORGAN FUNDS+AF8-20260630,Global Government Short Duration Bond Fund
JPMORGAN FUNDS+AF8-20260630,Global Healthcare Fund
JPMORGAN FUNDS+AF8-20260630,Global Natural Resources Fund
JPMORGAN FUNDS+AF8-20260630,Global Research Enhanced Index Equity Fund
JPMORGAN FUNDS+AF8-20260630,Global Short Duration Bond Fund
JPMORGAN FUNDS+AF8-20260630,Global Strategic Bond Fund
JPMORGAN FUNDS+AF8-20260630,Global Sustainable Equity Fund
JPMORGAN FUNDS+AF8-20260630,Global Unconstrained Equity Fund
JPMORGAN FUNDS+AF8-20260630,Global Value Fund
JPMORGAN FUNDS+AF8-20260630,Greater China Fund
JPMORGAN FUNDS+AF8-20260630,Green Social Sustainable Bond Fund
JPMORGAN FUNDS+AF8-20260630,Income Fund
JPMORGAN FUNDS+AF8-20260630,India Fund
JPMORGAN FUNDS+AF8-20260630,Italy Flexible Bond Fund
JPMORGAN FUNDS+AF8-20260630,Japan Equity Fund
JPMORGAN FUNDS+AF8-20260630,Korea Equity Fund
JPMORGAN FUNDS+AF8-20260630,Latin America Equity Fund
JPMORGAN FUNDS+AF8-20260630,Managed Reserves Fund
JPMORGAN FUNDS+AF8-20260630,+ACI-Middle East, Africa and Emerging Europe Opportunities Fund+ACI-
JPMORGAN FUNDS+AF8-20260630,Multi+AC0-Manager Alternatives Fund
JPMORGAN FUNDS+AF8-20260630,Multi+AC0-Manager Sustainable Long+AC0-Short Fund
JPMORGAN FUNDS+AF8-20260630,Pacific Equity Fund
JPMORGAN FUNDS+AF8-20260630,Russia Fund
JPMORGAN FUNDS+AF8-20260630,Taiwan Fund
JPMORGAN FUNDS+AF8-20260630,Thematics +AC0- Genetic Therapies
JPMORGAN FUNDS+AF8-20260630,Total Emerging Markets Income Fund
JPMORGAN FUNDS+AF8-20260630,US Aggregate Bond Fund
JPMORGAN FUNDS+AF8-20260630,US Equity All Cap Fund
JPMORGAN FUNDS+AF8-20260630,US Growth Fund
JPMORGAN FUNDS+AF8-20260630,US High Yield Plus Bond Fund
JPMORGAN FUNDS+AF8-20260630,US Research Enhanced Index Equity Fund
JPMORGAN FUNDS+AF8-20260630,US Select Equity Plus Fund
JPMORGAN FUNDS+AF8-20260630,US Short Duration Bond Fund
JPMORGAN FUNDS+AF8-20260630,US Small Cap Growth Fund
JPMORGAN FUNDS+AF8-20260630,US Smaller Companies Fund
JPMORGAN FUNDS+AF8-20260630,US Sustainable Equity Fund
JPMORGAN FUNDS+AF8-20260630,US Technology Fund
JPMORGAN FUNDS+AF8-20260630,US Value Fund
JPMORGAN FUNDS+AF8-20260630,USD Money Market VNAV Fund
JPMORGAN INVESTMENT FUNDS+AF8-20250512,Europe Select Equity Fund
JPMORGAN INVESTMENT FUNDS+AF8-20250512,Europe Strategic Dividend Fund
JPMORGAN INVESTMENT FUNDS+AF8-20250512,Global Balanced Fund
JPMORGAN INVESTMENT FUNDS+AF8-20250512,Global Core Equity Fund
JPMORGAN INVESTMENT FUNDS+AF8-20250512,Global Macro Fund
JPMORGAN INVESTMENT FUNDS+AF8-20250512,Global Convertibles Conservative Fund
JPMORGAN INVESTMENT FUNDS+AF8-20250512,Global Dividend Fund
JPMORGAN INVESTMENT FUNDS+AF8-20250512,Global High Yield Bond Fund
JPMORGAN INVESTMENT FUNDS+AF8-20250512,Global Income Conservative Fund
JPMORGAN INVESTMENT FUNDS+AF8-20250512,Global Income ESG Fund
JPMORGAN INVESTMENT FUNDS+AF8-20250512,Global Income Fund
JPMORGAN INVESTMENT FUNDS+AF8-20250512,Global Macro Opportunities Fund
JPMORGAN INVESTMENT FUNDS+AF8-20250512,Global Macro Sustainable Fund
JPMORGAN INVESTMENT FUNDS+AF8-20250512,Global Select Equity Fund
JPMORGAN INVESTMENT FUNDS+AF8-20250512,Income Opportunity Fund
JPMORGAN INVESTMENT FUNDS+AF8-20250512,Japan Strategic Value Fund
JPMORGAN INVESTMENT FUNDS+AF8-20250512,Japan Sustainable Equity Fund
JPMORGAN INVESTMENT FUNDS+AF8-20250512,US Bond Fund
JPMORGAN INVESTMENT FUNDS+AF8-20250512,US Multi+AC0-Asset High Income Fund
JPMORGAN INVESTMENT FUNDS+AF8-20250512,US Select Equity Fund
JPMORGAN LIQUIDITY FUNDS+AF8-20250515,EUR Government CNAV Fund
JPMORGAN LIQUIDITY FUNDS+AF8-20250515,EUR Liquidity LVNAV Fund
JPMORGAN LIQUIDITY FUNDS+AF8-20250515,EUR Standard Money Market VNAV Fund
JPMORGAN LIQUIDITY FUNDS+AF8-20250515,GBP Liquidity LVNAV Fund
JPMORGAN LIQUIDITY FUNDS+AF8-20250515,GBP Standard Money Market VNAV
JPMORGAN LIQUIDITY FUNDS+AF8-20250515,SGD Liquidity LVNAV Fund
JPMORGAN LIQUIDITY FUNDS+AF8-20250515,USD Liquidity LVNAV Fund
JPMORGAN LIQUIDITY FUNDS+AF8-20250515,USD Standard Money Market VNAV
JPMORGAN LIQUIDITY FUNDS+AF8-20250515,USD Treasury CNAV Fund
LGT MULTI+AC0-ASSETS SICAV+AF8-20250327,LGT GIM Growth
M+ACY-G (LUX) INVESTMENT FUNDS (1)+AF8-20250603,M+ACY-G (LUX) Dynamic Allocation Fund
M+ACY-G (LUX) INVESTMENT FUNDS (1)+AF8-20250603,M+ACY-G (LUX) Emerging Markets Bond Fund
M+ACY-G (LUX) INVESTMENT FUNDS (1)+AF8-20250603,M+ACY-G (LUX) Emerging Markets Corporate Bond Fund
M+ACY-G (LUX) INVESTMENT FUNDS (1)+AF8-20250603,M+ACY-G (LUX) Emerging Markets Hard Currency Bond Fund
M+ACY-G (LUX) INVESTMENT FUNDS (1)+AF8-20250603,M+ACY-G (LUX) Episode Macro Fund
M+ACY-G (LUX) INVESTMENT FUNDS (1)+AF8-20250603,M+ACY-G (LUX) Euro Corporate Bond Fund
M+ACY-G (LUX) INVESTMENT FUNDS (1)+AF8-20250603,M+ACY-G (LUX) European Inflation Linked Corporate Bond Fund
M+ACY-G (LUX) INVESTMENT FUNDS (1)+AF8-20250603,M+ACY-G (LUX) European Strategic Value Fund
M+ACY-G (LUX) INVESTMENT FUNDS (1)+AF8-20250603,M+ACY-G (LUX) Global Convertibles Fund
M+ACY-G (LUX) INVESTMENT FUNDS (1)+AF8-20250603,M+ACY-G (LUX) Global Credit Investment Fund
M+ACY-G (LUX) INVESTMENT FUNDS (1)+AF8-20250603,M+ACY-G (LUX) Global Dividend Fund
M+ACY-G (LUX) INVESTMENT FUNDS (1)+AF8-20250603,M+ACY-G (LUX) Global Emerging Markets Fund
M+ACY-G (LUX) INVESTMENT FUNDS (1)+AF8-20250603,M+ACY-G (LUX) Global Floating Rate High Yield Fund
M+ACY-G (LUX) INVESTMENT FUNDS (1)+AF8-20250603,M+ACY-G (LUX) Global High Yield Bond Fund
M+ACY-G (LUX) INVESTMENT FUNDS (1)+AF8-20250603,M+ACY-G (LUX) Global Listed Infrastructure Fund
M+ACY-G (LUX) INVESTMENT FUNDS (1)+AF8-20250603,M+ACY-G (LUX) Global Macro Bond Fund
M+ACY-G (LUX) INVESTMENT FUNDS (1)+AF8-20250603,M+ACY-G (LUX) Global Maxima Fund
M+ACY-G (LUX) INVESTMENT FUNDS (1)+AF8-20250603,M+ACY-G (LUX) Global Sustain Paris Aligned Fund
M+ACY-G (LUX) INVESTMENT FUNDS (1)+AF8-20250603,M+ACY-G (LUX) Global Target Return Fund
M+ACY-G (LUX) INVESTMENT FUNDS (1)+AF8-20250603,M+ACY-G (LUX) Global Themes Fund
M+ACY-G (LUX) INVESTMENT FUNDS (1)+AF8-20250603,M+ACY-G (LUX) Income Allocation Fund
M+ACY-G (LUX) INVESTMENT FUNDS (1)+AF8-20250603,M+ACY-G (LUX) Japan Fund
M+ACY-G (LUX) INVESTMENT FUNDS (1)+AF8-20250603,M+ACY-G (LUX) Japan Smaller Companies Fund
M+ACY-G (LUX) INVESTMENT FUNDS (1)+AF8-20250603,M+ACY-G (LUX) Nature and Biodiversity Solutions Fund
M+ACY-G (LUX) INVESTMENT FUNDS (1)+AF8-20250603,M+ACY-G (LUX) North American Dividend Fund
M+ACY-G (LUX) INVESTMENT FUNDS (1)+AF8-20250603,M+ACY-G (LUX) North American Value Fund
M+ACY-G (LUX) INVESTMENT FUNDS (1)+AF8-20250603,M+ACY-G (LUX) Optimal Income Fund
M+ACY-G (LUX) INVESTMENT FUNDS (1)+AF8-20250603,M+ACY-G (LUX) Pan European Sustain Paris Aligned Fund
M+ACY-G (LUX) INVESTMENT FUNDS (1)+AF8-20250603,M+ACY-G (LUX) Positive Impact Fund
M+ACY-G (LUX) INVESTMENT FUNDS (1)+AF8-20250603,M+ACY-G (LUX) responsAbility Sustainable Solutions Bond Fund
M+ACY-G (LUX) INVESTMENT FUNDS (1)+AF8-20250603,M+ACY-G (LUX) Short Dated Corporate Bond Fund
M+ACY-G (LUX) INVESTMENT FUNDS (1)+AF8-20250603,M+ACY-G (LUX) Sustainable Allocation Fund
M+ACY-G (LUX) INVESTMENT FUNDS (1)+AF8-20250603,M+ACY-G (LUX) Sustainable Global High Yield Bond Fund
MOOREA FUND+AF8-20250410,Global Trends
MOOREA FUND+AF8-20250410,Sg Credit Millesime 2028
MOOREA FUND+AF8-20250410,Sg Credit Millesime 2029
MOOREA FUND+AF8-20250410,Sustainable Climate Action
MOOREA FUND+AF8-20250410,Sustainable Emerging Markets Equity
MOOREA FUND+AF8-20250410,Sustainable Euro Fixed Income
MOOREA FUND+AF8-20250410,Sustainable Euro High Yield
MOOREA FUND+AF8-20250410,Sustainable European Equity Quality Income
MOOREA FUND+AF8-20250410,Sustainable Floating Rate Income
MOOREA FUND+AF8-20250410,Sustainable Structured Income
MOOREA FUND+AF8-20250410,Sustainable US Equity
MORGAN STANLEY INVESTMENT FUNDS+AF8-20250520,Asia Equity Fund
MORGAN STANLEY INVESTMENT FUNDS+AF8-20250520,Asia Opportunity Fund
MORGAN STANLEY INVESTMENT FUNDS+AF8-20250520,Calvert Climate Aligned Fund
MORGAN STANLEY INVESTMENT FUNDS+AF8-20250520,+ACI-Calvert Diversity, Equity and Inclusion Fund+ACI-
MORGAN STANLEY INVESTMENT FUNDS+AF8-20250520,Calvert Global Green Bond Fund
MORGAN STANLEY INVESTMENT FUNDS+AF8-20250520,Calvert Sustainable Developed Europe Equity Select Fund
MORGAN STANLEY INVESTMENT FUNDS+AF8-20250520,Calvert Sustainable Developed Markets Equity Select Fund
MORGAN STANLEY INVESTMENT FUNDS+AF8-20250520,Calvert Sustainable Emerging Markets Equity Select Fund
MORGAN STANLEY INVESTMENT FUNDS+AF8-20250520,Calvert Sustainable Euro Corporate Bond Fund
MORGAN STANLEY INVESTMENT FUNDS+AF8-20250520,Calvert Sustainable Euro Strategic Bond Fund
MORGAN STANLEY INVESTMENT FUNDS+AF8-20250520,Calvert Sustainable US Equity Select Fund
MORGAN STANLEY INVESTMENT FUNDS+AF8-20250520,Emerging Leaders Equity Fund
MORGAN STANLEY INVESTMENT FUNDS+AF8-20250520,Emerging Markets Corporate Debt Fund
MORGAN STANLEY INVESTMENT FUNDS+AF8-20250520,Emerging Markets Debt Fund
MORGAN STANLEY INVESTMENT FUNDS+AF8-20250520,Emerging Markets Debt Opportunities Fund
MORGAN STANLEY INVESTMENT FUNDS+AF8-20250520,Emerging Markets Local Income Fund
MORGAN STANLEY INVESTMENT FUNDS+AF8-20250520,Euro Bond Fund
MORGAN STANLEY INVESTMENT FUNDS+AF8-20250520,Euro Corporate Bond Fund
MORGAN STANLEY INVESTMENT FUNDS+AF8-20250520,Euro Corporate Bond+AC0-Duration Hedged Fund
MORGAN STANLEY INVESTMENT FUNDS+AF8-20250520,Euro Strategic Bond Fund
MORGAN STANLEY INVESTMENT FUNDS+AF8-20250520,Europe Opportunity Fund
MORGAN STANLEY INVESTMENT FUNDS+AF8-20250520,European Fixed Income Opportunities Fund
MORGAN STANLEY INVESTMENT FUNDS+AF8-20250520,European High Yield Bond Fund
MORGAN STANLEY INVESTMENT FUNDS+AF8-20250520,Global Asset Backed Securities Fund
MORGAN STANLEY INVESTMENT FUNDS+AF8-20250520,Global Balanced Defensive Fund
MORGAN STANLEY INVESTMENT FUNDS+AF8-20250520,Global Balanced Income Fund
MORGAN STANLEY INVESTMENT FUNDS+AF8-20250520,Global Balanced Risk Control Fund of Funds
MORGAN STANLEY INVESTMENT FUNDS+AF8-20250520,Global Bond Fund
MORGAN STANLEY INVESTMENT FUNDS+AF8-20250520,Global Brands Equity Income Fund
MORGAN STANLEY INVESTMENT FUNDS+AF8-20250520,Global Brands Fund
MORGAN STANLEY INVESTMENT FUNDS+AF8-20250520,Global Convertible Bond Fund
MORGAN STANLEY INVESTMENT FUNDS+AF8-20250520,Global Fixed Income Opportunities Fund
MORGAN STANLEY INVESTMENT FUNDS+AF8-20250520,Global Insight Fund
MORGAN STANLEY INVESTMENT FUNDS+AF8-20250520,Global Opportunity Fund
MORGAN STANLEY INVESTMENT FUNDS+AF8-20250520,Global Quality Fund
MORGAN STANLEY INVESTMENT FUNDS+AF8-20250520,Global Quality Select Fund
MORGAN STANLEY INVESTMENT FUNDS+AF8-20250520,Indian Equity Fund
MORGAN STANLEY INVESTMENT FUNDS+AF8-20250520,Japanese Equity Fund
MORGAN STANLEY INVESTMENT FUNDS+AF8-20250520,NextGen Emerging Markets Fund
MORGAN STANLEY INVESTMENT FUNDS+AF8-20250520,Parametric Global Defensive Equity Fund
MORGAN STANLEY INVESTMENT FUNDS+AF8-20250520,QuantActive Global Infrastructure Fund
MORGAN STANLEY INVESTMENT FUNDS+AF8-20250520,QuantActive Global Property Fund
MORGAN STANLEY INVESTMENT FUNDS+AF8-20250520,Short Maturity Euro Bond Fund
MORGAN STANLEY INVESTMENT FUNDS+AF8-20250520,Sustainable Emerging Markets Equity Fund
MORGAN STANLEY INVESTMENT FUNDS+AF8-20250520,Sustainable Global High Yield Bond Fund
MORGAN STANLEY INVESTMENT FUNDS+AF8-20250520,US Advantage Fund
MORGAN STANLEY INVESTMENT FUNDS+AF8-20250520,US Growth Fund
MORGAN STANLEY LIQUIDITY FUNDS+AF8-20250311,EURO Liquidity Fund
MORGAN STANLEY LIQUIDITY FUNDS+AF8-20250311,Sterling Liquidity Fund
MORGAN STANLEY LIQUIDITY FUNDS+AF8-20250311,US Dollar Liquidity Fund
MORGAN STANLEY LIQUIDITY FUNDS+AF8-20250311,US Dollar Treasury Liquidity Fund
MORGAN STANLEY LIQUIDITY FUNDS+AF8-20250311,US Dollar Ultra Short Income Fund
MULTI MANAGER ACCESS II+AF8-20250619,Growth Investing
MULTI MANAGER ACCESS II+AF8-20250619,Yield Investing
MULTICOOPERATION SICAV+AF8-20250624,Julius Baer Equity Next Generation
MULTICOOPERATION SICAV+AF8-20250624,Julius Baer Global Excellence Equity
NBG INTERNATIONAL FUNDS FCP+AF8-20250407,Fixed Maturity 18 Months EUR +//3//f/9- 1
NBG INTERNATIONAL FUNDS FCP+AF8-20250407,Fixed Maturity 18 Months EUR +//3//f/9- 2
NBG INTERNATIONAL FUNDS FCP+AF8-20250407,Fixed Maturity 3 Years European Bonds +//3//f/9- 1
NBG INTERNATIONAL FUNDS FCP+AF8-20250407,Fixed Maturity 3 Years European Bonds +//3//f/9- 2
NBG INTERNATIONAL FUNDS FCP+AF8-20250407,Fixed Maturity 3 Years European IG Bonds +//3//f/9- 1
NBG INTERNATIONAL FUNDS FCP+AF8-20250407,Fixed Maturity 3 Years European IG Bonds +//3//f/9- 2
NBG INTERNATIONAL FUNDS FCP+AF8-20250407,Fixed Rate Savings Bond U/L +//3//f/9- 1
NBG INTERNATIONAL FUNDS FCP+AF8-20250407,Fixed Rate Savings Bond U/L +//3//f/9- 2
NBG INTERNATIONAL FUNDS FCP+AF8-20250407,Fixed Rate Savings Bond U/L +//3//f/9- 3
NBG INTERNATIONAL FUNDS FCP+AF8-20250407,Fixed Rate Savings Bond U/L +//3//f/9- 4
NBG INTERNATIONAL FUNDS FCP+AF8-20250407,Fixed Rate Savings Bond U/L +//3//f/9- 5
NBG INTERNATIONAL FUNDS FCP+AF8-20250407,Fixed Rate Savings Bond U/L +//3//f/9- 6
NBG INTERNATIONAL FUNDS FCP+AF8-20250407,Fixed Rate Savings Bond U/L +//3//f/9- 7
NBG INTERNATIONAL FUNDS SICAV+AF8-20210623,Global Equity
NBG INTERNATIONAL FUNDS SICAV+AF8-20210623,Income Plus
NEUBERGER BERMAN INVESTMENT FUNDS PLC+AF8-20250327,Neuberger Berman Commodities Fund
NEUBERGER BERMAN INVESTMENT FUNDS PLC+AF8-20250327,Neuberger Berman Corporate Hybrid Bond Fund
NEUBERGER BERMAN INVESTMENT FUNDS PLC+AF8-20250327,Neuberger Berman Developed Market FMP +//3//f/9- 2027
NEUBERGER BERMAN INVESTMENT FUNDS PLC+AF8-20250327,Neuberger Berman Emerging Market Debt+AC0-Hard Currency Fund
NEUBERGER BERMAN INVESTMENT FUNDS PLC+AF8-20250327,Neuberger Berman Emerging Markets Equity Fund
NEUBERGER BERMAN INVESTMENT FUNDS PLC+AF8-20250327,Neuberger Berman Euro Bond Absolute Return Fund
NEUBERGER BERMAN INVESTMENT FUNDS PLC+AF8-20250327,Neuberger Berman European High Yield Bond Fund
NEUBERGER BERMAN INVESTMENT FUNDS PLC+AF8-20250327,Neuberger Berman Global Equity Megatrends Fund
NEUBERGER BERMAN INVESTMENT FUNDS PLC+AF8-20250327,Neuberger Berman Global Flexible Credit Income Fund
NEUBERGER BERMAN INVESTMENT FUNDS PLC+AF8-20250327,Neuberger Berman Global High Yield Engagement Fund
NEUBERGER BERMAN INVESTMENT FUNDS PLC+AF8-20250327,Neuberger Berman High Yield Bond Fund
NEUBERGER BERMAN INVESTMENT FUNDS PLC+AF8-20250327,Neuberger Berman Japan Equity Engagement Fund
NEUBERGER BERMAN INVESTMENT FUNDS PLC+AF8-20250327,Neuberger Berman Next Generation Connectivity Fund
NEUBERGER BERMAN INVESTMENT FUNDS PLC+AF8-20250327,Neuberger Berman Next Generation Mobility Fund
NEUBERGER BERMAN INVESTMENT FUNDS PLC+AF8-20250327,Neuberger Berman Next Generation Space Economy Fund
NEUBERGER BERMAN INVESTMENT FUNDS PLC+AF8-20250327,Neuberger Berman Short Duration Emerging Market Debt Fund
NEUBERGER BERMAN INVESTMENT FUNDS PLC+AF8-20250327,Neuberger Berman Short Duration Euro Bond Fund
NEUBERGER BERMAN INVESTMENT FUNDS PLC+AF8-20250327,Neuberger Berman Short Duration High Yield Engagement Fund
NEUBERGER BERMAN INVESTMENT FUNDS PLC+AF8-20250327,Neuberger Berman Strategic Income Fund
NEUBERGER BERMAN INVESTMENT FUNDS PLC+AF8-20250327,Neuberger Berman Tactical Macro Fund
NEUBERGER BERMAN INVESTMENT FUNDS PLC+AF8-20250327,Neuberger Berman Uncorrelated Strategies Fund
NEUBERGER BERMAN INVESTMENT FUNDS PLC+AF8-20250327,Neuberger Berman US Large Cap Value Fund
NEUBERGER BERMAN INVESTMENT FUNDS PLC+AF8-20250327,Neuberger Berman US Real Estate Securities Fund
NEUBERGER BERMAN INVESTMENT FUNDS PLC+AF8-20250327,Neuberger Berman US Small Cap Fund
NEUBERGER BERMAN INVESTMENT FUNDS PLC+AF8-20250327,Neuberger Berman US Small Cap Intrinsic Value Fund
NEW CAPITAL FUND LUX+AF8-20241217,Blueorchard Global Impact Credit Fund
NEW CAPITAL FUND LUX+AF8-20241217,EUR Shield
NEW CAPITAL UCITS FUND PLC+AF8-20250703,New Capital Asia Future Leaders Fund
NEW CAPITAL UCITS FUND PLC+AF8-20250703,New Capital China Equity Fund
NEW CAPITAL UCITS FUND PLC+AF8-20250703,New Capital Climate Transition Equity Fund
NEW CAPITAL UCITS FUND PLC+AF8-20250703,New Capital Dynamic European Equity Fund
NEW CAPITAL UCITS FUND PLC+AF8-20250703,New Capital Dynamic UK Equity Fund
NEW CAPITAL UCITS FUND PLC+AF8-20250703,New Capital Euro Value Credit Fund
NEW CAPITAL UCITS FUND PLC+AF8-20250703,New Capital Global Convertible Bond Fund
NEW CAPITAL UCITS FUND PLC+AF8-20250703,New Capital Global Equity Conviction Fund
NEW CAPITAL UCITS FUND PLC+AF8-20250703,New Capital Global Equity Income Fund
NEW CAPITAL UCITS FUND PLC+AF8-20250703,New Capital Global Value Credit Fund
NEW CAPITAL UCITS FUND PLC+AF8-20250703,New Capital Healthcare Disruptors Fund
NEW CAPITAL UCITS FUND PLC+AF8-20250703,New Capital Japan Equity Fund
NEW CAPITAL UCITS FUND PLC+AF8-20250703,New Capital Strategic Portfolio Fund
NEW CAPITAL UCITS FUND PLC+AF8-20250703,New Capital Swiss Small and Mid Cap Future Leaders Fund
NEW CAPITAL UCITS FUND PLC+AF8-20250703,New Capital US Future Leaders Fund
NEW CAPITAL UCITS FUND PLC+AF8-20250703,New Capital US Growth Fund
NEW CAPITAL UCITS FUND PLC+AF8-20250703,New Capital US Small Cap Growth Fund
NEW CAPITAL UCITS FUND PLC+AF8-20250703,New Capital USD Shield Fund
NEW CAPITAL UCITS FUND PLC+AF8-20250703,New Capital Wealthy Nations Bond Fund
NORDEA 1 SICAV+AF8-20240913,Us Corporate Bond Fund
ONEMARKETS FUND+AF8-20250722,Onemarkets Allianz Conservative Multi+AC0-Asset Fund
ONEMARKETS FUND+AF8-20250722,Onemarkets Allianz Global Equity Future Champions Fund
ONEMARKETS FUND+AF8-20250722,Onemarkets Amundi Climate Focus Equity Fund
ONEMARKETS FUND+AF8-20250722,Onemarkets Amundi Flexible Income Fund
ONEMARKETS FUND+AF8-20250722,Onemarkets Amundi Income Opportunities Fund
ONEMARKETS FUND+AF8-20250722,Onemarkets BlackRock 12 Years Goal Fund
ONEMARKETS FUND+AF8-20250722,Onemarkets BlackRock 15 Years Goal Fund
ONEMARKETS FUND+AF8-20250722,Onemarkets BlackRock 6 Years Goal Fund
ONEMARKETS FUND+AF8-20250722,Onemarkets BlackRock 9 Years Goal Fund
ONEMARKETS FUND+AF8-20250722,Onemarkets BlackRock Global Diversified Balanced Fund
ONEMARKETS FUND+AF8-20250722,Onemarkets Blackrock Global Equity Dynamic Opportunities Fund
ONEMARKETS FUND+AF8-20250722,Onemarkets BlackRock Low Duration Bond Fund
ONEMARKETS FUND+AF8-20250722,Onemarkets Bond Target 2029 Fund
ONEMARKETS FUND+AF8-20250722,Onemarkets Bond Target 2029 II Fund
ONEMARKETS FUND+AF8-20250722,Onemarkets Capital Group US Balanced Fund
ONEMARKETS FUND+AF8-20250722,Onemarkets Fidelity European Heritage Equity Fund
ONEMARKETS FUND+AF8-20250722,Onemarkets Fidelity Longevity +ACY- Leisure Fund
ONEMARKETS FUND+AF8-20250722,Onemarkets Fidelity World Equity Income Fund
ONEMARKETS FUND+AF8-20250722,Onemarkets Global Multibrand Selection Fund
ONEMARKETS FUND+AF8-20250722,Onemarkets J.P. Morgan Emerging Countries Fund
ONEMARKETS FUND+AF8-20250722,Onemarkets J.P. Morgan Emerging Markets Short Term Bond Fund
ONEMARKETS FUND+AF8-20250722,Onemarkets J.P. Morgan US Equities Fund
ONEMARKETS FUND+AF8-20250722,Onemarkets Pictet Global Opportunities Allocation Fund
ONEMARKETS FUND+AF8-20250722,Onemarkets Pictet Thematic Intelligence Fund
ONEMARKETS FUND+AF8-20250722,Onemarkets PIMCO Global Balanced Allocation Fund
ONEMARKETS FUND+AF8-20250722,Onemarkets PIMCO Global Short Term Bond Fund
ONEMARKETS FUND+AF8-20250722,Onemarkets PIMCO Global Strategic Bond Fund
ONEMARKETS FUND+AF8-20250722,Onemarkets Rockefeller Global Innovation Equity Fund
ONEMARKETS FUND+AF8-20250722,Onemarkets UC Bond Portfolio I Fund
ONEMARKETS FUND+AF8-20250722,Onemarkets UC Dynamic Global Allocation Fund
ONEMARKETS FUND+AF8-20250722,Onemarkets UC Equity Sectors Fund
ONEMARKETS FUND+AF8-20250722,Onemarkets UC European Equity Stars Fund
ONEMARKETS FUND+AF8-20250722,Onemarkets UC Global Multibrand 60 Fund
ONEMARKETS FUND+AF8-20250722,Onemarkets UC Global Multibrand 90 Fund
ONEMARKETS FUND+AF8-20250722,Onemarkets UC Guaranteed Investment I Fund
ONEMARKETS FUND+AF8-20250722,Onemarkets UC Guaranteed Investment II Fund
ONEMARKETS FUND+AF8-20250722,Onemarkets UC Guaranteed Investment III Fund
ONEMARKETS FUND+AF8-20250722,Onemarkets UC Saving Fund
ONEMARKETS FUND+AF8-20250722,Onemarkets UC US Sector Rotation Strategy Fund
PICTET+AF8-20250624,Asian Equities ex Japan
PICTET+AF8-20250624,Asian Local Currency Debt
PICTET+AF8-20250624,Biotech
PICTET+AF8-20250624,CHF Bonds
PICTET+AF8-20250624,China Equities
PICTET+AF8-20250624,China Index
PICTET+AF8-20250624,Chinese Local Currency Debt
PICTET+AF8-20250624,Clean Energy Transition
PICTET+AF8-20250624,Climate Government Bonds
PICTET+AF8-20250624,Corto Europe Long Short
PICTET+AF8-20250624,Digital
PICTET+AF8-20250624,Emerging Corporate Bonds
PICTET+AF8-20250624,Emerging Debt Blend
PICTET+AF8-20250624,Emerging Local Currency Debt
PICTET+AF8-20250624,Emerging Markets
PICTET+AF8-20250624,Emerging Markets Index
PICTET+AF8-20250624,Emerging Markets Multi Asset
PICTET+AF8-20250624,EUR Bonds
PICTET+AF8-20250624,EUR Corporate Bonds
PICTET+AF8-20250624,EUR Government Bonds
PICTET+AF8-20250624,EUR High Yield
PICTET+AF8-20250624,EUR Income Opportunities
PICTET+AF8-20250624,EUR Short Term Corporate Bonds
PICTET+AF8-20250624,EUR Short Term High Yield
PICTET+AF8-20250624,Euroland Index
PICTET+AF8-20250624,Europe Index
PICTET+AF8-20250624,Family
PICTET+AF8-20250624,Global Bonds
PICTET+AF8-20250624,Global Dynamic Allocation
PICTET+AF8-20250624,Global Emerging Debt
PICTET+AF8-20250624,Global Environmental Opportunities
PICTET+AF8-20250624,Global High Yield
PICTET+AF8-20250624,Global Megatrend Selection
PICTET+AF8-20250624,Global Multi Asset Themes
PICTET+AF8-20250624,Global Sustainable Credit
PICTET+AF8-20250624,Global Thematic Opportunities
PICTET+AF8-20250624,Health
PICTET+AF8-20250624,Human
PICTET+AF8-20250624,Indian Equities
PICTET+AF8-20250624,Japan Index
PICTET+AF8-20250624,Japanese Equity Opportunities
PICTET+AF8-20250624,Japanese Equity Selection
PICTET+AF8-20250624,Multi Asset Global Opportunities
PICTET+AF8-20250624,Nutrition
PICTET+AF8-20250624,Pacific ex Japan Index
PICTET+AF8-20250624,Positive Change
PICTET+AF8-20250624,Premium Brands
PICTET+AF8-20250624,Quest AI+AC0-Driven Global Equities
PICTET+AF8-20250624,Quest Europe Sustainable Equities
PICTET+AF8-20250624,Quest Global Sustainable Equities
PICTET+AF8-20250624,Regeneration
PICTET+AF8-20250624,Robotics
PICTET+AF8-20250624,Russian Equities
PICTET+AF8-20250624,Security
PICTET+AF8-20250624,Short Term Emerging Corporate Bonds
PICTET+AF8-20250624,Short Term Money Market (CHF)
PICTET+AF8-20250624,Short Term Money Market (EUR)
PICTET+AF8-20250624,Short Term Money Market (JPY)
PICTET+AF8-20250624,Short Term Money Market (USD)
PICTET+AF8-20250624,Short+AC0-Term Money Market GBP
PICTET+AF8-20250624,SmartCity
PICTET+AF8-20250624,Sovereign Short Term Money Market EUR
PICTET+AF8-20250624,Sovereign Short Term Money Market USD
PICTET+AF8-20250624,Strategic Credit
PICTET+AF8-20250624,Timber
PICTET+AF8-20250624,Ultra Short+AC0-Term Bonds EUR
PICTET+AF8-20250624,Ultra Short+AC0-Term Bonds USD
PICTET+AF8-20250624,USA Index
PICTET+AF8-20250624,USD Government Bonds
PICTET+AF8-20250624,USD Short Mid+AC0-Term Bonds
PICTET+AF8-20250624,Water
PIMCO FUNDS GLOBAL INVESTORS SERIES PLC+AF8-20250702,Dynamic Bond Fund
PIMCO FUNDS GLOBAL INVESTORS SERIES PLC+AF8-20250702,Emerging Markets Bond ESG Fund
PIMCO FUNDS GLOBAL INVESTORS SERIES PLC+AF8-20250702,Emerging Markets Bond Fund
PIMCO FUNDS GLOBAL INVESTORS SERIES PLC+AF8-20250702,Euro Bond Fund
PIMCO FUNDS GLOBAL INVESTORS SERIES PLC+AF8-20250702,Euro Income Bond Fund
PIMCO FUNDS GLOBAL INVESTORS SERIES PLC+AF8-20250702,Euro Long Average Duration Fund
PIMCO FUNDS GLOBAL INVESTORS SERIES PLC+AF8-20250702,Euro Short+AC0-Term Fund
PIMCO FUNDS GLOBAL INVESTORS SERIES PLC+AF8-20250702,Global Bond Fund
PIMCO FUNDS GLOBAL INVESTORS SERIES PLC+AF8-20250702,Global Bond ESG Fund
PIMCO FUNDS GLOBAL INVESTORS SERIES PLC+AF8-20250702,Global High Yield Bond Fund
PIMCO FUNDS GLOBAL INVESTORS SERIES PLC+AF8-20250702,Global Investment Grade Credit Fund
PIMCO FUNDS GLOBAL INVESTORS SERIES PLC+AF8-20250702,Global Investment Grade Credit ESG Fund
PIMCO FUNDS GLOBAL INVESTORS SERIES PLC+AF8-20250702,Global Real Return Fund
PIMCO FUNDS GLOBAL INVESTORS SERIES PLC+AF8-20250702,Income Fund
PIMCO FUNDS GLOBAL INVESTORS SERIES PLC+AF8-20250702,Inflation Multi+AC0-Asset Fund
PIMCO FUNDS GLOBAL INVESTORS SERIES PLC+AF8-20250702,Low Duration Income Fund
PIMCO FUNDS GLOBAL INVESTORS SERIES PLC+AF8-20250702,Mortgage Opportunities Fund
PIMCO FUNDS GLOBAL INVESTORS SERIES PLC+AF8-20250702,PIMCO Asia High Yield Bond Fund
PIMCO FUNDS GLOBAL INVESTORS SERIES PLC+AF8-20250702,PIMCO Balanced Income and Growth Fund
PIMCO FUNDS GLOBAL INVESTORS SERIES PLC+AF8-20250702,PIMCO Capital Securities Fund
PIMCO FUNDS GLOBAL INVESTORS SERIES PLC+AF8-20250702,PIMCO Climate Bond Fund
PIMCO FUNDS GLOBAL INVESTORS SERIES PLC+AF8-20250702,PIMCO ESG Income Fund
PIMCO FUNDS GLOBAL INVESTORS SERIES PLC+AF8-20250702,PIMCO European High Yield Bond Fund
PIMCO FUNDS GLOBAL INVESTORS SERIES PLC+AF8-20250702,StocksPLUS Fund
PIMCO FUNDS GLOBAL INVESTORS SERIES PLC+AF8-20250702,Strategic Income Fund
PIMCO FUNDS GLOBAL INVESTORS SERIES PLC+AF8-20250702,Total Return Bond Fund
PIMCO FUNDS GLOBAL INVESTORS SERIES PLC+AF8-20250702,US Short+AC0-Term Fund
PREMIUM SELECTION UCITS ICAV+AF8-20240513,Julius Baer Edelweiss Swiss Equity
PREMIUM SELECTION UCITS ICAV+AF8-20240513,Julius Baer Equity Global Excellence
PREMIUM SELECTION UCITS ICAV+AF8-20240513,Julius Baer Equity Next Generation
PREMIUM SELECTION UCITS ICAV+AF8-20240513,Julius Baer Strategy Balanced (EUR)
PREMIUM SELECTION UCITS ICAV+AF8-20240513,Julius Baer Strategy Balanced (USD)
PREMIUM SELECTION UCITS ICAV+AF8-20250716,Julius Baer Dynamic Asset Allocation
PREMIUM SELECTION UCITS ICAV+AF8-20250716,Julius Baer Edelweiss Swiss Equity
PREMIUM SELECTION UCITS ICAV+AF8-20250716,Julius Baer Equity Global Excellence
PREMIUM SELECTION UCITS ICAV+AF8-20250716,Julius Baer Equity Global Excellence Mid Cap
PREMIUM SELECTION UCITS ICAV+AF8-20250716,Julius Baer Equity India
PREMIUM SELECTION UCITS ICAV+AF8-20250716,Julius Baer Equity Next Generation
PREMIUM SELECTION UCITS ICAV+AF8-20250716,Julius Baer Strategy Balanced (EUR)
PREMIUM SELECTION UCITS ICAV+AF8-20250716,Julius Baer Strategy Balanced (USD)
PRIVATE BANK FUNDS I+AF8-20250204,Access Balanced Fund (USD)
PRIVATE BANK FUNDS I+AF8-20250204,Access Capital Preservation Fund (EUR)
PRIVATE BANK FUNDS I+AF8-20250204,Access Capital Preservation Fund (USD)
PRIVATE BANK FUNDS I+AF8-20250204,Access Conservative Fund (GBP)
PRIVATE BANK FUNDS I+AF8-20250204,Access Growth Fund (USD)
PRIVATE BANK FUNDS I+AF8-20250204,Dynamic Income Fund (Eur)
PRIVATE BANK FUNDS I+AF8-20250204,Dynamic Multi+AC0-Asset Fund (EUR)
PRIVATE BANK FUNDS I+AF8-20250204,Dynamic Multi+AC0-Asset Fund (USD)
PRIVATE BANK FUNDS I+AF8-20250204,Emerging Markets Growth and Opportunities Fund (USD)
SANDS CAPITAL FUNDS PLC+AF8-20230719,Sands Capital Global Leaders Fund
SANDS CAPITAL FUNDS PLC+AF8-20230719,Sands Capital US Select Growth Fund
SCHRODER GAIA+AF8-20231208,Bluetrend
SCHRODER GAIA+AF8-20231208,Cat Bond
SCHRODER GAIA+AF8-20231208,Contour Tech Equity
SCHRODER GAIA+AF8-20231208,Egerton Equity
SCHRODER GAIA+AF8-20231208,Helix
SCHRODER GAIA+AF8-20231208,Oaktree Credit
SCHRODER GAIA+AF8-20231208,SEG US Equity
SCHRODER GAIA+AF8-20231208,Sirios US Equity
SCHRODER GAIA+AF8-20231208,Two Sigma Diversified
SCHRODER GAIA+AF8-20231208,Wellington Pagosa
SCHRODER INTERNATIONAL SELECTION FUND+AF8-20250714,All China Equity
SCHRODER INTERNATIONAL SELECTION FUND+AF8-20250714,Alternative Securitised Income
SCHRODER INTERNATIONAL SELECTION FUND+AF8-20250714,Asian Bond Total Return
SCHRODER INTERNATIONAL SELECTION FUND+AF8-20250714,Asian Convertible Bond
SCHRODER INTERNATIONAL SELECTION FUND+AF8-20250714,Asian Credit Opportunities
SCHRODER INTERNATIONAL SELECTION FUND+AF8-20250714,Asian Dividend Maximiser
SCHRODER INTERNATIONAL SELECTION FUND+AF8-20250714,Asian Equity Yield
SCHRODER INTERNATIONAL SELECTION FUND+AF8-20250714,Asian Local Currency Bond
SCHRODER INTERNATIONAL SELECTION FUND+AF8-20250714,Asian Opportunities
SCHRODER INTERNATIONAL SELECTION FUND+AF8-20250714,Asian Smaller Companies
SCHRODER INTERNATIONAL SELECTION FUND+AF8-20250714,Asian Total Return
SCHRODER INTERNATIONAL SELECTION FUND+AF8-20250714,+ACI-BIC (Brazil, India, China)+ACI-
SCHRODER INTERNATIONAL SELECTION FUND+AF8-20250714,Blueorchard Emerging Markets Climate Bond
SCHRODER INTERNATIONAL SELECTION FUND+AF8-20250714,Blueorchard Emerging Markets Impact Bond
SCHRODER INTERNATIONAL SELECTION FUND+AF8-20250714,Carbon Neutral Credit
SCHRODER INTERNATIONAL SELECTION FUND+AF8-20250714,China A
SCHRODER INTERNATIONAL SELECTION FUND+AF8-20250714,China A All Cap
SCHRODER INTERNATIONAL SELECTION FUND+AF8-20250714,China Local Currency Bond
SCHRODER INTERNATIONAL SELECTION FUND+AF8-20250714,China Opportunities
SCHRODER INTERNATIONAL SELECTION FUND+AF8-20250714,Circular Economy
SCHRODER INTERNATIONAL SELECTION FUND+AF8-20250714,Commodity
SCHRODER INTERNATIONAL SELECTION FUND+AF8-20250714,Dynamic Income
SCHRODER INTERNATIONAL SELECTION FUND+AF8-20250714,Dynamic Opportunities
SCHRODER INTERNATIONAL SELECTION FUND+AF8-20250714,Emerging Asia
SCHRODER INTERNATIONAL SELECTION FUND+AF8-20250714,Emerging Europe
SCHRODER INTERNATIONAL SELECTION FUND+AF8-20250714,Emerging Market Bond
SCHRODER INTERNATIONAL SELECTION FUND+AF8-20250714,Emerging Markets
SCHRODER INTERNATIONAL SELECTION FUND+AF8-20250714,Emerging Markets Debt Total Return
SCHRODER INTERNATIONAL SELECTION FUND+AF8-20250714,Emerging Markets Equity Alpha
SCHRODER INTERNATIONAL SELECTION FUND+AF8-20250714,Emerging Markets Equity Impact
SCHRODER INTERNATIONAL SELECTION FUND+AF8-20250714,Emerging Markets Ex China
SCHRODER INTERNATIONAL SELECTION FUND+AF8-20250714,Emerging Markets Hard Currency
SCHRODER INTERNATIONAL SELECTION FUND+AF8-20250714,Emerging Markets Local Currency Bond
SCHRODER INTERNATIONAL SELECTION FUND+AF8-20250714,Emerging Markets Multi+AC0-Asset
SCHRODER INTERNATIONAL SELECTION FUND+AF8-20250714,Emerging Markets Value
SCHRODER INTERNATIONAL SELECTION FUND+AF8-20250714,EURO Bond
SCHRODER INTERNATIONAL SELECTION FUND+AF8-20250714,EURO Corporate Bond
SCHRODER INTERNATIONAL SELECTION FUND+AF8-20250714,EURO Credit Conviction
SCHRODER INTERNATIONAL SELECTION FUND+AF8-20250714,Euro Credit Conviction Short Duration
SCHRODER INTERNATIONAL SELECTION FUND+AF8-20250714,EURO Equity
SCHRODER INTERNATIONAL SELECTION FUND+AF8-20250714,EURO Government Bond
SCHRODER INTERNATIONAL SELECTION FUND+AF8-20250714,EURO High Yield
SCHRODER INTERNATIONAL SELECTION FUND+AF8-20250714,EURO Liquidity
SCHRODER INTERNATIONAL SELECTION FUND+AF8-20250714,EURO Short Term Bond
SCHRODER INTERNATIONAL SELECTION FUND+AF8-20250714,European Alpha Absolute Return
SCHRODER INTERNATIONAL SELECTION FUND+AF8-20250714,European Dividend Maximiser
SCHRODER INTERNATIONAL SELECTION FUND+AF8-20250714,European Equity Impact
SCHRODER INTERNATIONAL SELECTION FUND+AF8-20250714,European Smaller Companies
SCHRODER INTERNATIONAL SELECTION FUND+AF8-20250714,European Special Situations
SCHRODER INTERNATIONAL SELECTION FUND+AF8-20250714,European Sustainable Equity
SCHRODER INTERNATIONAL SELECTION FUND+AF8-20250714,European Value
SCHRODER INTERNATIONAL SELECTION FUND+AF8-20250714,Frontier Markets Equity
SCHRODER INTERNATIONAL SELECTION FUND+AF8-20250714,Global Alternative Energy
SCHRODER INTERNATIONAL SELECTION FUND+AF8-20250714,Global Bond
SCHRODER INTERNATIONAL SELECTION FUND+AF8-20250714,Global Cities
SCHRODER INTERNATIONAL SELECTION FUND+AF8-20250714,Global Climate Change Equity
SCHRODER INTERNATIONAL SELECTION FUND+AF8-20250714,Global Climate Leaders
SCHRODER INTERNATIONAL SELECTION FUND+AF8-20250714,Global Consumer Trends
SCHRODER INTERNATIONAL SELECTION FUND+AF8-20250714,Global Convertible Bond
SCHRODER INTERNATIONAL SELECTION FUND+AF8-20250714,Global Corporate Bond
SCHRODER INTERNATIONAL SELECTION FUND+AF8-20250714,Global Credit High Income
SCHRODER INTERNATIONAL SELECTION FUND+AF8-20250714,Global Credit Income
SCHRODER INTERNATIONAL SELECTION FUND+AF8-20250714,Global Diversified Growth
SCHRODER INTERNATIONAL SELECTION FUND+AF8-20250714,Global Dividend Maximiser
SCHRODER INTERNATIONAL SELECTION FUND+AF8-20250714,Global Emerging Market Opportunities
SCHRODER INTERNATIONAL SELECTION FUND+AF8-20250714,Global Emerging Markets Smaller Companies
SCHRODER INTERNATIONAL SELECTION FUND+AF8-20250714,Global Energy
SCHRODER INTERNATIONAL SELECTION FUND+AF8-20250714,Global Equity
SCHRODER INTERNATIONAL SELECTION FUND+AF8-20250714,Global Equity Alpha
SCHRODER INTERNATIONAL SELECTION FUND+AF8-20250714,Global Equity Impact
SCHRODER INTERNATIONAL SELECTION FUND+AF8-20250714,Global Equity Yield
SCHRODER INTERNATIONAL SELECTION FUND+AF8-20250714,Global Gold
SCHRODER INTERNATIONAL SELECTION FUND+AF8-20250714,Global High Yield
SCHRODER INTERNATIONAL SELECTION FUND+AF8-20250714,Global Inflation Linked Bond
SCHRODER INTERNATIONAL SELECTION FUND+AF8-20250714,Global Innovation
SCHRODER INTERNATIONAL SELECTION FUND+AF8-20250714,Global Multi+AC0-Asset Balanced
SCHRODER INTERNATIONAL SELECTION FUND+AF8-20250714,Global Multi+AC0-Asset Income
SCHRODER INTERNATIONAL SELECTION FUND+AF8-20250714,Global Recovery
SCHRODER INTERNATIONAL SELECTION FUND+AF8-20250714,Global Smaller Companies
SCHRODER INTERNATIONAL SELECTION FUND+AF8-20250714,Global Sustainable Convertible Bond
SCHRODER INTERNATIONAL SELECTION FUND+AF8-20250714,Global Sustainable Food and Water
SCHRODER INTERNATIONAL SELECTION FUND+AF8-20250714,Global Sustainable Growth
SCHRODER INTERNATIONAL SELECTION FUND+AF8-20250714,Global Sustainable Value
SCHRODER INTERNATIONAL SELECTION FUND+AF8-20250714,Global Target Return
SCHRODER INTERNATIONAL SELECTION FUND+AF8-20250714,Greater China
SCHRODER INTERNATIONAL SELECTION FUND+AF8-20250714,Healthcare Innovation
SCHRODER INTERNATIONAL SELECTION FUND+AF8-20250714,Hong Kong Equity
SCHRODER INTERNATIONAL SELECTION FUND+AF8-20250714,Indian Equity
SCHRODER INTERNATIONAL SELECTION FUND+AF8-20250714,Inflation Plus
SCHRODER INTERNATIONAL SELECTION FUND+AF8-20250714,Italian Equity
SCHRODER INTERNATIONAL SELECTION FUND+AF8-20250714,Japanese Equity
SCHRODER INTERNATIONAL SELECTION FUND+AF8-20250714,Japanese Opportunities
SCHRODER INTERNATIONAL SELECTION FUND+AF8-20250714,Japanese Smaller Companies
SCHRODER INTERNATIONAL SELECTION FUND+AF8-20250714,Latin American
SCHRODER INTERNATIONAL SELECTION FUND+AF8-20250714,Multi+AC0-Asset Growth and Income
SCHRODER INTERNATIONAL SELECTION FUND+AF8-20250714,Multi+AC0-Asset Total Return
SCHRODER INTERNATIONAL SELECTION FUND+AF8-20250714,Nordic Micro Cap
SCHRODER INTERNATIONAL SELECTION FUND+AF8-20250714,Nordic Smaller Companies
SCHRODER INTERNATIONAL SELECTION FUND+AF8-20250714,QEP Emerging Markets Core
SCHRODER INTERNATIONAL SELECTION FUND+AF8-20250714,QEP Emerging Markets ex China Core
SCHRODER INTERNATIONAL SELECTION FUND+AF8-20250714,QEP Global Active Value
SCHRODER INTERNATIONAL SELECTION FUND+AF8-20250714,QEP Global Core
SCHRODER INTERNATIONAL SELECTION FUND+AF8-20250714,QEP Global ESG
SCHRODER INTERNATIONAL SELECTION FUND+AF8-20250714,QEP Global Quality
SCHRODER INTERNATIONAL SELECTION FUND+AF8-20250714,Robotics and Automation
SCHRODER INTERNATIONAL SELECTION FUND+AF8-20250714,Securitised Credit
SCHRODER INTERNATIONAL SELECTION FUND+AF8-20250714,Social Impact Credit
SCHRODER INTERNATIONAL SELECTION FUND+AF8-20250714,Strategic Bond
SCHRODER INTERNATIONAL SELECTION FUND+AF8-20250714,Strategic Credit
SCHRODER INTERNATIONAL SELECTION FUND+AF8-20250714,Sustainable Asian Equity
SCHRODER INTERNATIONAL SELECTION FUND+AF8-20250714,Sustainable Euro Credit
SCHRODER INTERNATIONAL SELECTION FUND+AF8-20250714,Sustainable Global Credit Income Short Duration
SCHRODER INTERNATIONAL SELECTION FUND+AF8-20250714,Sustainable Global Growth and Income
SCHRODER INTERNATIONAL SELECTION FUND+AF8-20250714,Sustainable Global Multi Credit
SCHRODER INTERNATIONAL SELECTION FUND+AF8-20250714,Sustainable Global Sovereign Bond
SCHRODER INTERNATIONAL SELECTION FUND+AF8-20250714,Sustainable Infrastructure
SCHRODER INTERNATIONAL SELECTION FUND+AF8-20250714,Sustainable Multi+AC0-Asset Income
SCHRODER INTERNATIONAL SELECTION FUND+AF8-20250714,Sustainable Multi+AC0-Factor Equity
SCHRODER INTERNATIONAL SELECTION FUND+AF8-20250714,Sustainable US Dollar Corporate Bond
SCHRODER INTERNATIONAL SELECTION FUND+AF8-20250714,Sustainable US Dollar High Yield
SCHRODER INTERNATIONAL SELECTION FUND+AF8-20250714,Sustainable US Dollar Short Duration Bond
SCHRODER INTERNATIONAL SELECTION FUND+AF8-20250714,Swiss Equity
SCHRODER INTERNATIONAL SELECTION FUND+AF8-20250714,Swiss Small +ACY- Mid Cap Equity
SCHRODER INTERNATIONAL SELECTION FUND+AF8-20250714,Taiwanese Equity
SCHRODER INTERNATIONAL SELECTION FUND+AF8-20250714,UK Equity
SCHRODER INTERNATIONAL SELECTION FUND+AF8-20250714,US Dollar Bond
SCHRODER INTERNATIONAL SELECTION FUND+AF8-20250714,US Dollar Liquidity
SCHRODER INTERNATIONAL SELECTION FUND+AF8-20250714,US Large Cap
SCHRODER INTERNATIONAL SELECTION FUND+AF8-20250714,US Small +ACY- Mid Cap Equity
SCHRODER INTERNATIONAL SELECTION FUND+AF8-20250714,US Smaller Companies Impact
SCHRODER SPECIAL SITUATIONS+AF8-20250410,Structured Income
TWELVE CAPITAL UCITS ICAV+AF8-20240516,Twelve Cat Bond Fund
UBS (LUX) BOND FUND+AF8-20230615,AUD
UBS (LUX) BOND FUND+AF8-20230615,CHF Flexible
UBS (LUX) BOND FUND+AF8-20230615,Convert Europe (EUR)
UBS (LUX) BOND FUND+AF8-20230615,EUR Flexible
UBS (LUX) BOND FUND+AF8-20230615,Euro High Yield (EUR)
UBS (LUX) BOND FUND+AF8-20230615,Global Flexible
UBS (LUX) BOND SICAV+AF8-20250605,2025 I (USD)
UBS (LUX) BOND SICAV+AF8-20250605,Asian High Yield (USD)
UBS (LUX) BOND SICAV+AF8-20250605,Asian Investment Grade Bonds (USD)
UBS (LUX) BOND SICAV+AF8-20250605,China Fixed Income (RMB)
UBS (LUX) BOND SICAV+AF8-20250605,China High Yield (USD)
UBS (LUX) BOND SICAV+AF8-20250605,Convert Global (EUR)
UBS (LUX) BOND SICAV+AF8-20250605,Emerging Economies Corporates (USD)
UBS (LUX) BOND SICAV+AF8-20250605,Emerging Economies Local Currency Bond (USD)
UBS (LUX) BOND SICAV+AF8-20250605,EUR Corporates (EUR)
UBS (LUX) BOND SICAV+AF8-20250605,Floating Rate Income (USD)
UBS (LUX) BOND SICAV+AF8-20250605,Global Corporates (USD)
UBS (LUX) BOND SICAV+AF8-20250605,Global Dynamic (USD)
UBS (LUX) BOND SICAV+AF8-20250605,Global Inflation+AC0-Linked (USD)
UBS (LUX) BOND SICAV+AF8-20250605,Global SDG Corporates Sustainable (USD)
UBS (LUX) BOND SICAV+AF8-20250605,Global Short Term Flexible (USD)
UBS (LUX) BOND SICAV+AF8-20250605,Green Social Sustainable Bonds (EUR)
UBS (LUX) BOND SICAV+AF8-20250605,Short Term EUR Corporates (EUR)
UBS (LUX) BOND SICAV+AF8-20250605,Short Term USD Corporates (USD)
UBS (LUX) BOND SICAV+AF8-20250605,USD Corporates (USD)
UBS (LUX) BOND SICAV+AF8-20250605,USD High Yield (USD)
UBS (LUX) BOND SICAV+AF8-20250605,USD Investment Grade Corporates (USD)
UBS (LUX) EQUITY FUND+AF8-20250625,China Opportunity (USD)
UBS (LUX) EQUITY FUND+AF8-20250625,Emerging Markets Sustainable Leaders (USD)
UBS (LUX) EQUITY FUND+AF8-20250625,Euro Countries Opportunity Sustainable (EUR)
UBS (LUX) EQUITY FUND+AF8-20250625,European Opportunity Sustainable (EUR)
UBS (LUX) EQUITY FUND+AF8-20250625,Global Sustainable (USD)
UBS (LUX) EQUITY FUND+AF8-20250625,Greater China (USD)
UBS (LUX) EQUITY FUND+AF8-20250625,Japan (JPY)
UBS (LUX) EQUITY FUND+AF8-20250625,Mid Caps Europe Sustainable (EUR)
UBS (LUX) EQUITY FUND+AF8-20250625,Mid Caps USA (USD)
UBS (LUX) EQUITY FUND+AF8-20250625,Sustainable Health Transformation (USD)
UBS (LUX) EQUITY FUND+AF8-20250625,Tech Opportunity (USD)
UBS (LUX) EQUITY FUND+AF8-20250625,US Sustainable (USD)
UBS (LUX) EQUITY SICAV+AF8-20250717,All China (USD)
UBS (LUX) EQUITY SICAV+AF8-20250717,Engage for Impact (USD)
UBS (LUX) EQUITY SICAV+AF8-20250717,Euro Countries Income (EUR)
UBS (LUX) EQUITY SICAV+AF8-20250717,European High Dividend (EUR)
UBS (LUX) EQUITY SICAV+AF8-20250717,European Income Opportunity (EUR)
UBS (LUX) EQUITY SICAV+AF8-20250717,European Opportunity Unconstrained (EUR)
UBS (LUX) EQUITY SICAV+AF8-20250717,German High Dividend (EUR)
UBS (LUX) EQUITY SICAV+AF8-20250717,Global Defensive (USD)
UBS (LUX) EQUITY SICAV+AF8-20250717,Global Emerging Markets Opportunity (USD)
UBS (LUX) EQUITY SICAV+AF8-20250717,Global Growth Sustainable (USD)
UBS (LUX) EQUITY SICAV+AF8-20250717,Global High Dividend (USD)
UBS (LUX) EQUITY SICAV+AF8-20250717,Global Income (USD)
UBS (LUX) EQUITY SICAV+AF8-20250717,India Opportunity (USD)
UBS (LUX) EQUITY SICAV+AF8-20250717,Long Term Themes (USD)
UBS (LUX) EQUITY SICAV+AF8-20250717,Mobility Leaders (USD)
UBS (LUX) EQUITY SICAV+AF8-20250717,Small Caps Europe (EUR)
UBS (LUX) EQUITY SICAV+AF8-20250717,Swiss Opportunity (CHF)
UBS (LUX) EQUITY SICAV+AF8-20250717,US Income (USD)
UBS (LUX) EQUITY SICAV+AF8-20250717,US Opportunity (USD)
UBS (LUX) EQUITY SICAV+AF8-20250717,US Total Yield (USD)
UBS (LUX) EQUITY SICAV+AF8-20250717,USA Growth (USD)
UBS (LUX) EQUITY SICAV+AF8-20250717,USA Growth Sustainable (USD)
UBS (LUX) KEY SELECTION SICAV+AF8-20250717,Asian Global Strategy Balanced (USD)
UBS (LUX) KEY SELECTION SICAV+AF8-20250717,China Allocation Opportunity (USD)
UBS (LUX) KEY SELECTION SICAV+AF8-20250717,Credit Income Opportunities (USD)
UBS (LUX) KEY SELECTION SICAV+AF8-20250717,Digital Transformation Dynamic (USD)
UBS (LUX) KEY SELECTION SICAV+AF8-20250717,Digital Transformation Themes (USD)
UBS (LUX) KEY SELECTION SICAV+AF8-20250717,Dynamic Alpha (USD)
UBS (LUX) KEY SELECTION SICAV+AF8-20250717,European Equity Value Opportunity (EUR)
UBS (LUX) KEY SELECTION SICAV+AF8-20250717,European Financial Debt (EUR)
UBS (LUX) KEY SELECTION SICAV+AF8-20250717,European Growth and Income (EUR)
UBS (LUX) KEY SELECTION SICAV+AF8-20250717,Global Allocation (USD)
UBS (LUX) KEY SELECTION SICAV+AF8-20250717,Global Equities (USD)
UBS (LUX) MONEY MARKET FUND+AF8-20231215,EUR
UBS (LUX) MONEY MARKET FUND+AF8-20231215,GBP
UBS (LUX) MONEY MARKET FUND+AF8-20231215,USD
UBS (LUX) STRATEGY FUND+AF8-20250520,Balanced (EUR)
UBS (LUX) STRATEGY FUND+AF8-20250520,Balanced (USD)
UBS (LUX) STRATEGY FUND+AF8-20250520,Equity (CHF)
UBS (LUX) STRATEGY FUND+AF8-20250520,Equity (EUR)
UBS (LUX) STRATEGY FUND+AF8-20250520,Fixed Income (CHF)
UBS (LUX) STRATEGY FUND+AF8-20250520,Fixed Income (EUR)
UBS (LUX) STRATEGY FUND+AF8-20250520,Fixed Income (USD)
UBS (LUX) STRATEGY FUND+AF8-20250520,Growth (CHF)
UBS (LUX) STRATEGY FUND+AF8-20250520,Growth (EUR)
UBS (LUX) STRATEGY FUND+AF8-20250520,Growth (USD)
UBS (LUX) STRATEGY FUND+AF8-20250520,Yield (CHF)
UBS (LUX) STRATEGY FUND+AF8-20250520,Yield (EUR)
UBS (LUX) STRATEGY FUND+AF8-20250520,Yield (USD)
UBS (LUX) STRATEGY SICAV+AF8-20250520,Income (CHF)
UBS (LUX) STRATEGY SICAV+AF8-20250520,Income (EUR)
UBS (LUX) STRATEGY SICAV+AF8-20250520,Income (USD)
UBS (LUX) STRATEGY SICAV+AF8-20250520,Systematic Allocation Portfolio Defensive (USD)
UBS (LUX) STRATEGY SICAV+AF8-20250520,Systematic Allocation Portfolio Dynamic (USD)
UBS (LUX) STRATEGY SICAV+AF8-20250520,Systematic Allocation Portfolio Medium (USD)
UBS (LUX) STRATEGY SICAV+AF8-20250520,Xtra Yield (EUR)
